ZipCode,CAAGI,Population,CAAGI_per_capita
90001,696750180,55859,12473.373672998085
90002,630708625,53150,11866.578080903104
90003,809278806,72764,11121.966989170469
90004,2228311772,58585,38035.53421524281
90005,911017318,37987,23982.344433622027
90006,719077321,58229,12349.12708444246
90007,408940763,40944,9987.806833724111
90008,827470584,33041,25043.751218183468
90010,715151927,5400,132435.54203703703
90011,1140224464,102308,11145.017633029674
90012,722404144,33851,21340.703199314645
90013,448846410,15589,28792.50817884406
90014,287658266,9254,31084.748865355523
90015,816948103,27324,29898.554494217537
90016,1085062284,46512,23328.652476780186
90017,701222162,27295,25690.498699395495
90018,925190787,50179,18437.8083859782
90019,1713532023,62002,27636.721767039773
90020,1285442627,38694,33220.72225668062
90021,205875299,5192,39652.407357473036
90022,1089220322,64517,16882.68707472449
90023,609804769,45939,13274.228193909314
90024,4609050675,52862,87190.24393704362
90025,4736635631,45466,104179.73058989135
90026,1881346259,63329,29707.49986578029
90027,2195603077,44471,49371.569719592546
90028,788067254,32330,24375.72700278379
90029,669739229,34695,19303.62383628765
90031,703946744,37333,18855.884713256368
90032,928241969,43506,21335.952949018527
90033,595512734,46081,12923.17297801697
90034,2541968010,57152,44477.32380319149
90035,1627552754,30294,53725.25100680003
90036,2370654551,39549,59942.21221775519
90037,724740229,63706,11376.326076036794
90038,654197618,27414,23863.632377617276
90039,1338457056,28059,47701.52378915856
90040,454192779,12089,37570.74853172305
90041,1026201120,26654,38500.82989419974
90042,1630980546,58295,27978.052079938247
90043,1158498730,46179,25087.13332900236
90044,1150238943,94354,12190.674936939611
90045,2325083906,41035,56660.99441939808
90046,2910954566,49987,58234.2322203773
90047,996426201,50154,19867.332635482715
90048,1615476546,22604,71468.61378517076
90049,7313810071,36980,197777.44918875067
90056,499533197,8184,61037.78066959922
90057,473539612,45510,10405.177147879587
90058,353138348,3751,94145.12076779525
90059,554857953,43551,12740.418199352483
90061,390878107,29570,13218.738823131553
90062,528265270,32524,16242.321670151274
90063,790539951,50227,15739.342405479125
90064,3630986334,27553,131781.8870540413
90065,1443909915,44328,32573.315173253926
90066,3296490269,55304,59606.724088673516
90067,3246211252,3344,970756.9533492823
90068,1575368643,24361,64667.6508764008
90069,3624685830,20584,176092.3936066848
90071,238969031,907,263471.91951488424
90073,925182,936,988.4423076923077
90077,2036943628,8874,229540.63871985575
90079,1430691,16,89418.1875
90089,8540232,5172,1651.2436194895593
90094,984297607,12746,77224.03946336106
90095,4268312,1,4268312.0
90201,1356226103,95810,14155.371078175556
90210,5691636982,21134,269311.86628182075
90211,1577643556,8260,190998.00920096852
90212,2572676764,11451,224668.30530084707
90220,846408669,50412,16789.82522018567
90221,789574304,52561,15022.056353570137
90222,462109787,32397,14263.96848473624
90230,1683747199,32743,51423.11941483676
90232,1015377280,16452,61717.558959397036
90240,866843605,26495,32717.252500471786
90241,1168688974,44921,26016.539569466397
90242,982745860,42939,22887.022520319522
90245,1402726807,17272,81213.91888605837
90247,1054517886,48543,21723.376923552314
90248,358219851,11295,31714.90491367862
90249,694085337,27125,25588.399520737326
90250,2200109720,97653,22529.87332698432
90254,2407979860,19736,122009.5186461289
90255,1044574290,71157,14679.85286057591
90260,727561118,33338,21823.778211050452
90262,1040608340,67099,15508.552139376146
90263,1124498,1972,570.2322515212982
90265,1977599512,15186,130225.17529303305
90266,6121218632,35506,172399.55590604406
90270,372575767,25113,14835.97208617051
90272,6614439622,22849,289484.86244474596
90274,4382557986,25307,173175.72157900975
90275,3488437048,42452,82173.67963817959
90277,2767579980,37856,73108.09330092985
90278,2509958147,42188,59494.59910401062
90280,1592081013,92678,17178.62937266665
90290,481086657,6640,72452.80978915663
90291,2111731600,28442,74246.94465930665
90292,2374793156,27681,85791.45103139337
90293,877933287,12633,69495.2336737117
90301,126376517,36270,3484.326357871519
90302,624913409,29264,21354.34011071624
90303,426903512,24490,17431.748142098815
90304,402274120,26058,15437.643717860157
90305,433732605,15367,28224.936877724995
90401,1005042140,8167,123061.36157707848
90402,3050959631,12295,248146.37096380643
90403,2239674178,25278,88601.7160376612
90404,1055961055,21995,48009.14094112298
90405,2404341081,27966,85973.72098262176
90501,1355670575,43990,30817.698908842918
90502,529642685,18977,27909.716235442906
90503,2105753419,45386,46396.541202132816
90504,1205157724,32503,37078.35350583023
90505,1916274292,36643,52295.78069481211
90601,1063773596,32625,32606.087233716476
90602,652171331,25521,25554.301594765097
90603,840466033,21174,39693.30466609993
90604,1090308031,40110,27182.947668910496
90605,1137544450,40189,28304.87073577347
90606,723988769,32078,22569.635544610013
90620,1427847675,46564,30664.19712653552
90621,895659540,36972,24225.34728984096
90623,610922841,15906,38408.32648057337
90630,1960800595,49965,39243.48233763634
90631,2269446560,69533,32638.4099636144
90638,1559131903,46967,33196.32727234015
90639,845930,1511,559.8477829252151
90640,1406820204,62678,22445.199336290247
90650,2275143164,102891,22112.168838868318
90660,1369255286,62013,22080.13297211875
90670,594538593,17761,33474.38730927313
90680,599729928,30045,19961.056015976035
90701,394443298,16434,24001.66106851649
90703,2210439365,49735,44444.34231426561
90704,82623811,3715,22240.595154777926
90706,1681394852,79179,21235.363568622994
90710,677917770,26605,25480.84081939485
90712,1213405951,32332,37529.5667140913
90713,1117119095,28755,38849.55990262563
90715,518550671,20999,24694.065003095384
90716,220908272,14098,15669.475954036034
90717,668976485,22044,30347.3273906732
90720,1416178060,22955,61693.66412546286
90723,940715968,53770,17495.182592523714
90731,1554082029,61270,25364.485539415702
90732,966815302,21397,45184.619432630745
90740,1366563247,24769,55172.32213654165
90742,60292684,748,80605.19251336898
90743,34712101,466,74489.48712446351
90744,924429717,53074,17417.751008026527
90745,1504276497,59937,25097.627458831772
90746,796114505,27147,29326.058312152356
90747,358243,22,16283.772727272728
90755,477686267,11923,40064.26796947077
90802,1261833171,41686,30269.95084680708
90803,2252916437,32192,69983.7362388171
90804,856631957,39370,21758.49522479045
90805,1655240718,95350,17359.629973780808
90806,821361061,41611,19739.036817187764
90807,1438352050,32412,44377.14581019375
90808,1879778706,39747,47293.59966789946
90810,749050234,38529,19441.206208310625
90813,689450202,54565,12635.39268762027
90814,874504858,19042,45925.052935616004
90815,1836172421,41837,43888.72101250089
91001,1879800593,36578,51391.5630433594
91006,1881071577,31949,58877.3225140067
91007,1592188694,33804,47100.600343154656
91008,193521326,1010,191605.27326732673
91010,707302938,26730,26461.015263748595
91011,3129023504,20588,151982.8785700408
91016,1493402263,41852,35682.9366099589
91020,277054317,8439,32830.23071453964
91024,830837573,11268,73734.25390486333
91030,1882880310,26927,69925.36524677832
91040,682888656,21588,31632.789327404113
91042,843370682,28036,30081.705022114424
91046,19150338,141,135818.0
91101,964106137,20583,46839.92309187193
91103,1143350960,26887,42524.303938706435
91104,1352514674,34707,38969.506842999974
91105,1771130505,13869,127704.26887302617
91106,1636123016,24172,67686.70428595069
91107,1989560677,33729,58986.64878887604
91108,2086506374,12777,163301.74328872192
91125,5087380,161,31598.63354037267
91201,659284983,22608,29161.579219745225
91202,953887847,22875,41700.01516939891
91203,470418057,16930,27786.06361488482
91204,359349705,17302,20769.25817824529
91205,735902236,36693,20055.657373340964
91206,1235588087,33252,37158.30888367617
91207,671152721,10369,64726.85128749156
91208,1040709068,16776,62035.59060562708
91210,23599974,555,42522.475675675676
91214,1505083350,31097,48399.63179727948
91301,1896511892,24790,76503.10173457039
91302,4268751462,25468,167612.35519082771
91303,573780425,28457,20163.067962188565
91304,1482593272,52386,28301.326155843166
91306,1114735608,46669,23885.997300134994
91307,1306697714,24855,52572.830979682156
91311,1727297304,39014,44273.781309273596
91316,1916953408,28777,66614.08096743928
91320,2480571110,44462,55790.81260402141
91321,1043223805,33560,31085.333879618593
91324,979114184,29500,33190.3113220339
91325,1124239281,35250,31893.312936170212
91326,2065946640,38041,54308.4209142767
91330,1180450,2273,519.3356797184338
91331,1701107147,100720,16889.46730540111
91335,1641181285,76650,21411.367058056097
91340,638248281,34610,18441.152297023982
91342,2173048088,96429,22535.213348681413
91343,1388275154,62595,22178.69085390207
91344,1990878302,52481,37935.220403574625
91345,475752746,18895,25178.764011643292
91350,1864390512,41514,44909.922243098714
91351,963273766,34684,27772.856821589205
91352,1018912303,47274,21553.333819858697
91354,1637469183,33962,48214.745391908604
91355,1539541736,32886,46814.502706318795
91356,1837922230,30664,59937.458583355074
91360,2055594914,43046,47753.447800027876
91361,3032792608,20262,149678.8376270852
91362,3204515783,35803,89504.1137055554
91364,2012295662,27071,74333.99807912526
91367,2347931855,46498,50495.33001419416
91377,987124138,13898,71026.34465390704
91381,1317988048,20862,63176.49544626594
91384,873929702,28585,30573.0173867413
91387,1631965197,45749,35672.15014535837
91390,893188862,20128,44375.44028219396
91401,1140233906,39621,28778.524166477375
91402,1106692522,70140,15778.336498431709
91403,2005953271,25329,79195.91262979194
91405,963910588,55319,17424.58446465048
91406,1485762126,53252,27900.588259595883
91411,622268885,24984,24906.695685238552
91423,2322823774,32635,71175.84721924315
91436,4485876256,15189,295337.1687405359
91501,785849272,21157,37143.70052464905
91502,394523348,11665,33821.11855979425
91504,1283826611,26678,48123.0456181123
91505,1585129738,32371,48967.58635816008
91506,836444835,19338,43253.947409246044
91601,1072818399,39429,27208.86654492886
91602,1093266094,19647,55645.44683666718
91604,2482450764,30947,80216.2007302808
91605,986754083,54341,18158.555841813733
91606,863845703,43955,19652.9565009669
91607,1257924794,30502,41240.731558586325
91701,1520681319,38778,39215.05283923874
91702,1434125984,62328,23009.33744063663
91706,1371344573,73313,18705.339748748516
91708,464556494,14381,32303.490299700996
91709,3532544455,78530,44983.37520692729
91710,2269434756,82576,27482.98241619841
91711,1885767670,38122,49466.65101516185
91722,908847165,36111,25168.152778931628
91723,517764148,19653,26345.298325955326
91724,944705264,27180,34757.36806475349
91730,1856844433,68883,26956.49772803159
91731,498140097,28197,17666.42185338866
91732,982957423,60137,16345.301943894774
91733,666563334,41990,15874.335175041677
91737,1195954689,24568,48679.36702214262
91739,1768469026,42411,41698.357171488526
91740,837464075,26644,31431.61968923585
91741,1461132200,26999,54118.01177821401
91744,1543071905,81817,18860.040150579953
91745,1796214255,54280,33091.64065954311
91746,739616857,29509,25064.111186417704
91748,1333533509,44737,29808.290877796902
91750,1490587063,33376,44660.446518456374
91752,1038634402,38610,26900.65791245791
91754,1062589207,33300,31909.585795795796
91755,670090792,27637,24246.14799001339
91759,18170610,432,42061.59722222222
91761,1555284909,60306,25789.886727688787
91762,1455256125,62524,23275.160338430043
91763,821530979,37631,21831.229013313492
91764,1096403916,55322,19818.587831242545
91765,2165867675,46449,46628.940881396804
91766,1414835231,70701,20011.530685563146
91767,1019663257,51654,19740.25742440082
91768,578512987,35568,16264.985014619882
91770,1203511938,59360,20274.796799191376
91773,1355408027,34592,39182.701983117484
91775,988568980,24252,40762.369289130795
91776,847718272,38031,22290.19147537535
91780,1121561628,35751,31371.475706973233
91784,1446938896,26718,54155.958380118274
91786,1376642663,55763,24687.38523752309
91789,2161155198,41235,52410.699599854495
91790,1174748273,46364,25337.509123457854
91791,1251245801,34267,36514.600081711265
91792,737101209,30683,24023.11406968028
91801,1457943106,53669,27165.460619724607
91803,823039467,29374,28019.318683189216
91901,760427000,17688,42991.12392582542
91902,742320824,17902,41465.80404424087
91905,29879111,1799,16608.733185102836
91906,88331241,3904,22625.830174180326
91910,2140987381,79613,26892.43441397762
91911,1892169382,85442,22145.658832892488
91913,1835759391,55923,32826.55420846521
91914,866422791,17522,49447.71093482479
91915,1116306662,33218,33605.47480281775
91916,80301923,1720,46687.16453488372
91917,21994192,1126,19533.03019538188
91931,8336093,481,17330.754677754678
91932,540674172,26013,20784.768077499713
91934,9832197,693,14187.87445887446
91935,480195430,8841,54314.60581382197
91941,1429732375,33895,42181.2177312288
91942,1267525689,40813,31056.910518707275
91945,622358257,27814,22375.719314014525
91948,2696344,87,30992.459770114943
91950,1053489296,57849,18211.02000034573
91962,69727401,1860,37487.85
91963,25324015,1101,23000.921889191643
91977,1421413814,60795,23380.439411135783
91978,278213439,9949,27963.96009649211
91980,31885870,145,219902.55172413794
92003,285541082,4781,59724.13344488601
92004,67883051,3414,19883.72905682484
92007,930940410,10981,84777.3800200346
92008,1556136781,27282,57038.95539183344
92009,3568320495,44816,79621.57477240272
92010,945685455,18887,50070.70762958649
92011,1627011474,23757,68485.56105568886
92014,2174590622,13203,164704.28099674315
92019,1572354395,45108,34857.55065620289
92020,1631059549,60454,26980.175819631455
92021,1666309588,70584,23607.468944803353
92024,4500781519,51190,87923.06151592107
92025,1419673567,51586,27520.520431900128
92026,1706767680,52797,32326.982214898573
92027,1455542007,56840,25607.70596410978
92028,1646927957,51614,31908.55111016391
92029,1262959267,21236,59472.55919193822
92036,101104605,3735,27069.506024096387
92037,5216830726,41260,126437.97203102279
92040,1335829439,43640,30610.20712648946
92054,1183506611,38667,30607.66573564021
92055,11226155,9684,1159.2477282114828
92056,1797942195,53750,33450.08734883721
92057,854791870,57844,14777.537341815918
92058,611916971,45389,13481.613849170504
92059,36215103,1872,19345.67467948718
92060,8870433,288,30800.114583333332
92061,92993541,2246,41404.06990204808
92064,2917038691,48884,59672.66776450372
92065,1360492188,37047,36723.41047858126
92066,7101669,330,21520.20909090909
92067,3824429839,9344,409292.576947774
92069,1510282223,49407,30568.18311170482
92070,41943317,1093,38374.48947849954
92071,1917668253,60163,31874.54503598557
92075,1495083066,12051,124062.98780184217
92078,2191347652,52347,41861.952967696336
92081,1073854430,28745,37357.95547051661
92082,699442021,20860,33530.29822627037
92083,847318697,39219,21604.80116780132
92084,1475475086,49941,29544.364069602132
92086,25603609,1490,17183.630201342283
92091,222724181,1571,141772.23488224062
92092,22926856,5251,4366.188535517044
92093,3969213,5076,781.9568557919622
92101,2288589461,47505,48175.7596253026
92102,873295444,39783,21951.472840157858
92103,1932078501,33311,58001.215844615894
92104,1733091961,44265,39152.647938551905
92105,1067501925,66579,16033.613076195197
92106,1313393878,20214,64974.46710200851
92107,1398740631,28684,48763.7927415981
92108,1121522553,24266,46217.8584439133
92109,2473066966,44671,55361.7999597054
92110,1054687534,31048,33969.580456068026
92111,1385551128,46686,29678.08610718417
92113,685730407,50457,13590.391957508373
92114,1393780182,66248,21038.826560801837
92115,1403709687,64251,21847.2815520381
92116,1384433814,31523,43918.212543222406
92117,2075528458,51505,40297.61106688671
92118,1065509308,20629,51651.040186145714
92119,1002613888,24298,41263.2269322578
92120,1414502579,30768,45973.17274440978
92121,467198037,4658,100300.13675397166
92122,2183405987,45646,47833.45719230601
92123,1087187408,30937,35141.97911885445
92124,1056281148,30530,34598.13783164101
92126,2823997159,74788,37760.030472803126
92127,4224292073,52274,80810.57644335616
92128,3664388110,49083,74656.97104903938
92129,3048641512,52415,58163.53166078412
92130,7626722060,61595,123820.47341504993
92131,2780646701,36394,76403.98694839809
92134,1145859,396,2893.5833333333335
92135,1683617,1610,1045.724844720497
92136,6259897,7014,892.4860279441118
92139,810512562,35771,22658.370244052443
92140,1065111,2183,487.9115895556574
92145,8010196,6057,1322.4692091794618
92147,503338,256,1966.1640625
92154,1964282018,84027,23376.795768026943
92155,1155335,210,5501.5952380952385
92173,785875505,29703,26457.782210551122
92179,73788,3824,19.29602510460251
92182,384738,27,14249.555555555555
92201,1092437034,66989,16307.707743062294
92203,890535934,31366,28391.759676082384
92210,443161923,4757,93159.95858734497
92211,945803792,26403,35821.83054955876
92220,606106566,32947,18396.411387986765
92222,836442,64,13069.40625
92223,1721327663,59924,28725.179610840398
92225,242558185,21104,11493.469721379834
92227,577175005,27492,20994.28942965226
92230,31791199,2650,11996.67886792453
92231,682838390,39542,17268.68620707096
92233,57493187,7019,8191.07949850406
92234,953396602,51509,18509.320740064843
92236,595845822,42220,14112.880672666983
92239,2979240,292,10202.876712328767
92240,540425065,40920,13206.868646138808
92241,101420741,9270,10940.748759439051
92242,8749205,1231,7107.3964256701865
92243,951558955,49149,19360.698183075954
92249,125083998,6975,17933.189677419356
92250,178500699,7883,22643.75225168083
92251,586562262,25851,22690.11883486132
92252,149152758,8463,17624.099964551577
92253,1441547854,37422,38521.40061995618
92254,141596895,12414,11406.226437892701
92256,66119546,3517,18799.98464600512
92257,15747444,1676,9395.849642004774
92258,8586986,1236,6947.399676375405
92259,3860129,328,11768.685975609756
92260,967905451,31641,30590.22948073702
92262,883063869,26593,33206.62839845072
92264,775596746,19254,40282.36968941519
92266,2553490,198,12896.414141414141
92267,1342614,86,15611.790697674418
92268,14950354,489,30573.321063394684
92270,1058429069,16999,62264.19607035708
92273,22159915,1694,13081.413813459269
92274,213448496,19251,11087.657576229807
92275,9722420,1390,6994.546762589928
92276,123589259,7953,15539.954608323904
92277,280888670,23988,11709.54935801234
92278,3974809,6371,623.8909119447496
92281,29719267,2122,14005.309613572103
92282,17508738,1350,12969.435555555556
92283,15276504,2695,5668.46159554731
92284,460370339,25931,17753.66700088697
92285,21705736,2769,7838.835680751174
92301,483884463,38912,12435.353181537828
92305,18016453,581,31009.385542168675
92307,974551881,41649,23399.16639054959
92308,927764115,42469,21845.678377169228
92309,7023813,452,15539.409292035398
92310,41303958,8102,5097.99530980005
92311,488943181,34524,14162.414001853784
92313,369885764,13150,28128.194980988592
92314,199961847,10411,19206.78580347709
92315,200428823,5148,38933.3378010878
92316,575977306,31463,18306.496710421765
92317,129502262,1089,118918.51423324151
92320,329354019,10036,32817.25976484655
92321,37285090,1310,28461.90076335878
92322,12302031,1441,8537.14850798057
92324,1177624825,58626,20087.0744209054
92325,257420475,9892,26023.0969470279
92327,6313035,484,13043.460743801654
92328,6397341,640,9995.8453125
92332,1029442,97,10612.80412371134
92333,17579172,510,34468.964705882354
92335,1583407075,96605,16390.529216914238
92336,2908648039,100594,28914.726912141876
92337,876782147,36394,24091.39272957081
92339,30138591,1053,28621.643874643876
92341,8275110,458,18067.92576419214
92342,164109713,6955,23595.932854061826
92344,542504359,23166,23418.128248294914
92345,1506056750,86499,17411.26197990728
92346,1582584961,57812,27374.67932263198
92347,8167675,888,9197.832207207208
92350,1241234,258,4810.984496124031
92352,191205095,7038,27167.53267973856
92354,740375289,22626,32722.32338902148
92356,71653880,6050,11843.61652892562
92358,20114398,834,24117.983213429256
92359,227298073,8900,25539.109325842695
92363,63145219,5634,11207.88409655662
92364,648580,40,16214.5
92365,24457141,2214,11046.585817524841
92368,12651436,858,14745.263403263403
92369,8103544,1481,5471.670492910196
92371,208364489,16345,12747.903884980116
92372,115564613,5594,20658.672327493743
92373,1890274888,35348,53476.14824035306
92374,1338741257,43587,30714.23261522931
92376,1474567438,84548,17440.595141221555
92377,546729878,20734,26368.760393556477
92378,18600013,677,27474.169867060562
92382,140361315,5721,24534.402202412166
92384,1123166,24,46798.583333333336
92385,16812111,221,76072.90045248868
92386,38167831,2477,15408.894226887363
92389,654408,123,5320.390243902439
92391,50160656,2239,22403.15140687807
92392,1115013020,62294,17899.20409670273
92394,581143497,41057,14154.553352656063
92395,1049105338,47556,22060.42009420473
92397,197519047,5485,36010.76517775752
92398,25710958,1234,20835.460291734198
92399,1678324807,55794,30080.73998996308
92401,16891270,2016,8378.60615079365
92404,1018764642,64270,15851.324754940097
92405,490850907,32165,15260.40438364682
92407,1430153079,67814,21089.348497360428
92408,261896650,13488,19417.011417556347
92410,625290344,51651,12106.064626047899
92411,363374395,27014,13451.336159028651
92415,1275159,2,637579.5
92501,450386650,22017,20456.313303356495
92503,2272287737,90011,25244.55607647954
92504,1425159814,54642,26081.765198931225
92505,1041764768,50919,20459.254266580254
92506,1993681068,45185,44122.630696027445
92507,1222946871,63191,19353.181165039325
92508,1290206139,35415,36431.064210080476
92509,1621286940,78166,20741.587646802956
92518,31856619,806,39524.341191067
92530,1203832086,59098,20370.09858201631
92532,720308922,27560,26136.02764876633
92536,74699422,3737,19989.141557398983
92539,59283366,4966,11937.850583971003
92543,486151125,39323,12363.022277038883
92544,952963148,50007,19056.595036694864
92545,753233032,44072,17090.96551098203
92548,102497464,7408,13836.050755939525
92549,118488509,4234,27985.004487482285
92551,610114522,34294,17790.707470694582
92553,1205054797,76761,15698.78971092091
92555,1056529951,43580,24243.45917852226
92557,1181626890,54549,21661.75163614365
92561,57657974,1648,34986.63470873787
92562,2358912972,64270,36703.17367356465
92563,2122172835,73224,28981.929900032777
92567,198525219,9729,20405.51125501079
92570,973389191,59015,16493.928509700923
92571,1068617278,59450,17975.059343986544
92582,414009980,21161,19564.764425121684
92583,477535834,34674,13772.158793332179
92584,1662696904,55517,29949.32910639984
92585,627655491,24887,25220.21501185358
92586,432540785,22188,19494.356634216692
92587,600037680,17529,34231.14153688174
92590,260364337,4840,53794.28450413223
92591,1369953719,42021,32601.64486804217
92592,2955396832,79740,37062.91487333835
92595,889971227,34405,25867.496788257522
92596,932197018,31081,29992.50403783662
92602,1953925313,29581,66053.38943916703
92603,2493456392,20137,123824.62094651637
92604,1375316564,27151,50654.36131265883
92606,1086152639,23383,46450.525552752
92610,757968058,12545,60419.93288162615
92612,1605319937,31822,50446.85868267236
92614,1541604206,28456,54175.01426764127
92617,420699024,25232,16673.233354470514
92618,3834369957,57488,66698.61461522404
92620,3276934559,64424,50865.12105736992
92624,399849918,7170,55767.073640167364
92625,3493126426,12017,290682.06923525006
92626,2288022825,50885,44964.583374275324
92627,2225620974,61764,36034.27520885953
92629,2238192792,25939,86286.78021512009
92630,2733128304,66359,41187.00257689236
92637,524840608,17644,29746.12378145545
92646,2796947167,56788,49252.4330316264
92647,2162086494,60455,35763.5678438508
92648,3169233973,46691,67876.76368036667
92649,2541757458,34082,74577.70840913092
92651,3701356497,24096,153608.75236553786
92653,2064460257,30077,68639.16803537587
92655,144670388,8878,16295.3804911016
92656,2876689205,53473,53797.04159108335
92657,2941647887,10294,285763.34631824365
92660,5337517729,36259,147205.32085826967
92661,393675557,3457,113877.80069424356
92662,369532223,2490,148406.51526104417
92663,2532045946,20812,121662.78810301749
92672,2247211976,41067,54720.626683224975
92673,2394469020,29642,80779.60394035491
92675,2487493577,35203,70661.40888560635
92676,161741225,1997,80992.10065097647
92677,4401019728,64355,68386.6013207987
92678,18952455,651,29112.83410138249
92679,3187565170,31016,102771.63947639927
92683,2213705625,90946,24340.879477931958
92688,2178037871,44688,48738.76367257429
92691,2147507852,47918,44816.30810968738
92692,2608521228,46434,56176.96575784985
92694,2871696183,36637,78382.40530065235
92701,793489023,48789,16263.686958125807
92703,1013696072,65621,15447.738864083145
92704,1677515852,82841,20249.826197172897
92705,2758021675,45902,60085.000108927714
92706,946245484,35621,26564.25939754639
92707,1163204079,56456,20603.728195408814
92708,2228234792,57192,38960.602741642186
92780,1677683284,56034,29940.451939893635
92782,1901611988,29266,64976.83277523406
92801,1222040549,63163,19347.411443408324
92802,804290162,41914,19189.057641838048
92804,1740020661,86127,20202.963774426138
92805,1571654803,74633,21058.443356156124
92806,1019325381,40649,25076.272011611603
92807,2205399502,37627,58612.15355994366
92808,1198380265,20056,59751.708466294374
92821,1842235552,41335,44568.41785411879
92823,334002922,6010,55574.52945091514
92831,1181575932,38953,30333.374374245886
92832,660226351,26277,25125.636526239676
92833,1664730980,52598,31650.081371915283
92835,1516666900,25450,59593.98428290766
92840,1175569345,54365,21623.642876850914
92841,787486854,34376,22908.04206423086
92843,845906975,45480,18599.537708883025
92844,442394702,23668,18691.680834882543
92845,686699628,16520,41567.774092009684
92860,887965650,26376,33665.667652411285
92861,738009621,5843,126306.62690398768
92865,728000090,20859,34901.006280262714
92866,461748398,15935,28976.99391277063
92867,1984092431,44927,44162.584436975536
92868,1061389077,27127,39126.666310318134
92869,1829644636,36349,50335.4875237283
92870,1930119209,52749,36590.63127263076
92879,1187741128,47243,25141.102978218994
92880,1994218611,75365,26460.8055596099
92881,1293657069,31590,40951.474169040834
92882,1994035428,67894,29369.832798185405
92883,1375650479,34836,39489.33514180733
92886,3430170235,50001,68602.03265934682
92887,1442832785,20770,69467.15382763601
93001,1290907329,33859,38125.973271508316
93003,2057302048,50558,40691.91914237114
93004,1109956659,31942,34749.12838895498
93010,1961408624,46223,42433.607165264046
93012,2092418546,37550,55723.52985352863
93013,691261849,16299,42411.304313148044
93015,463765491,18789,24682.81925594763
93021,1805859824,38103,47394.16381912185
93022,257898602,6172,41785.25631885936
93023,965732747,20937,46125.65061852223
93030,1559159172,59011,26421.500601582757
93033,1410502510,79539,17733.47049874904
93035,1058067202,28070,37693.87965799786
93036,1237876648,48656,25441.397731009536
93040,46732154,1927,24251.247535028542
93041,458153285,22918,19990.9802338773
93042,949555,17,55856.17647058824
93043,682865,523,1305.6692160611856
93060,772495063,33859,22815.058418736524
93063,2133198234,55076,38731.90198997749
93064,915908,57,16068.561403508771
93065,3107349105,73943,42023.573631040126
93066,208871254,3141,66498.32983126392
93067,59151317,734,80587.62534059945
93101,1183687182,30513,38792.88113263199
93103,957079752,20029,47784.6997853113
93105,1667287871,26003,64119.05822405107
93106,11067393,5203,2127.117624447434
93108,3654675146,11243,325062.27394823445
93109,761188763,11041,68942.01277058237
93110,948745471,16317,58144.60201017344
93111,1164725326,18468,63067.214966428415
93117,1509367183,53430,28249.43258469025
93201,10717232,1260,8505.739682539683
93202,61762046,4154,14868.090033702456
93203,223943336,20777,10778.424989170717
93204,112594915,13720,8206.626457725948
93205,20148091,2081,9681.92743873138
93206,45806896,1940,23611.80206185567
93207,4641274,311,14923.710610932476
93210,280896528,18581,15117.406382864216
93212,240269936,23138,10384.21367447489
93215,638483723,53626,11906.234345280274
93218,13028753,979,13308.225740551583
93219,98846052,9324,10601.249678249678
93220,8645154,214,40397.91588785047
93221,372300650,15024,24780.394701810437
93222,50869417,2192,23206.85082116788
93223,135174477,10487,12889.718413273577
93224,7705662,388,19859.953608247422
93225,103134776,4775,21598.905968586387
93226,11562298,297,38930.2962962963
93227,23665658,137,172742.0291970803
93230,1458925778,68412,21325.582909431094
93234,61981888,6745,9189.308821349148
93235,54717459,4651,11764.66544829069
93238,39237000,1603,24477.230193387397
93239,16407295,1376,11923.90625
93240,93414477,5691,16414.42224565103
93241,169388532,15707,10784.270198000891
93242,66060895,3073,21497.199804751057
93243,28557707,1386,20604.406204906205
93244,10896469,229,47582.83406113537
93245,750754184,38045,19733.320646602708
93246,4339169,941,4611.231668437832
93247,235379439,18210,12925.83410214168
93249,34889734,2590,13470.93976833977
93250,173585979,14892,11656.324133763093
93251,3488201,250,13952.804
93252,18994285,1499,12671.304202801868
93254,11918743,780,15280.439743589744
93255,5460878,630,8668.060317460317
93256,58652319,5754,10193.312304483838
93257,1242716073,79569,15618.093390642085
93258,62953672,1921,32771.302446642374
93260,3519270,221,15924.298642533937
93261,26354870,2513,10487.41345005969
93262,707688,20,35384.4
93263,423759992,22341,18967.816659952554
93265,135245836,4117,32850.57954821472
93266,33702844,1521,22158.345825115055
93267,80406792,6119,13140.511848341232
93268,272214322,18502,14712.697113825532
93270,90159242,5637,15994.18875288274
93271,71593678,1930,37095.16994818653
93272,8476689,3468,2444.258650519031
93274,1702647967,78493,21691.717312371802
93276,2292227,177,12950.435028248588
93277,1237836211,53196,23269.347526129783
93280,346425768,28182,12292.447945497126
93283,25024075,1880,13310.678191489362
93285,32453016,2457,13208.39072039072
93286,152357065,9735,15650.443246019517
93287,2967102,221,13425.800904977375
93291,1697665268,63366,26791.422340056182
93292,970176466,43316,22397.646735617323
93301,279644157,14518,19261.892616062818
93304,619011216,50837,12176.39152585715
93305,408144950,38392,10630.989529068556
93306,1572184153,74623,21068.358991195742
93307,1065647990,88338,12063.302202902489
93308,1100069130,56037,19631.121045023825
93309,1469168098,61079,24053.5715712438
93311,2556227912,52466,48721.608508367324
93312,2022874386,58714,34453.01607793712
93313,1223200802,58322,20973.23140495868
93314,1426274564,33619,42424.65760433088
93401,1481492812,29877,49586.39796498979
93402,555176425,14500,38288.02931034483
93405,638706502,23331,27375.873387338735
93409,1203,3806,0.3160798738833421
93410,539834,7929,68.08349098246941
93420,1429299166,30540,46800.88952193844
93422,1109576253,33041,33581.79997578766
93424,106977828,1256,85173.42993630574
93426,34778809,1260,27602.229365079365
93427,235711147,5864,40196.30746930423
93428,253754413,5951,42640.63401109057
93429,2694697,153,17612.398692810457
93430,131893132,2849,46294.535626535624
93432,53098267,1174,45228.50681431005
93433,362042421,12643,28635.800126552243
93434,158059504,8120,19465.456157635468
93436,1203663104,56730,21217.400035254715
93437,19778843,3560,5555.854775280899
93440,69878305,2048,34120.26611328125
93441,76055021,1295,58729.74594594594
93442,376412713,11390,33047.648200175594
93444,838750941,22293,37623.96003229713
93445,137450594,7040,19524.232102272726
93446,1370456484,45979,29806.139411470453
93449,438758290,8096,54194.452816205536
93450,17143701,541,31688.911275415896
93451,109704794,4820,22760.33070539419
93452,9716228,522,18613.463601532567
93453,72515236,3045,23814.527422003284
93454,820951612,40994,20026.140703517587
93455,1574272412,45282,34765.96466587165
93458,908513546,59927,15160.337510637943
93460,435712420,5728,76067.1124301676
93461,29479544,1503,19613.801729873587
93463,417857025,8731,47859.01099530409
93465,458101923,10121,45262.515858116785
93501,70391752,5772,12195.38322938323
93505,184222947,14880,12380.57439516129
93510,302438248,7591,39841.68726123041
93512,4114618,243,16932.584362139918
93513,42749737,1870,22860.82192513369
93514,397401812,14361,27672.293851403105
93516,27956311,2114,13224.366603595081
93517,20313462,768,26449.8203125
93518,18491561,1138,16249.174868189806
93519,378043,64,5906.921875
93522,274265,37,7412.5675675675675
93523,30550251,3293,9277.331005162467
93524,901662,80,11270.775
93526,17681162,628,28154.716560509554
93527,54272041,2315,23443.646220302377
93528,1234719,113,10926.716814159292
93529,16822559,619,27176.99353796446
93530,969932,71,13661.014084507042
93531,25885912,531,48749.36346516007
93532,71871405,2373,30287.14917825537
93534,695636717,43906,15843.773447820344
93535,1193411188,82149,14527.397631133672
93536,2051692307,74283,27619.944092187983
93541,12234675,488,25071.055327868853
93543,227600201,14132,16105.307175205207
93544,21521406,1126,19113.14920071048
93545,40349125,2072,19473.51592664093
93546,305069564,8545,35701.52884727911
93549,5871646,235,24985.72765957447
93550,1191863173,82379,14468.04614039986
93551,1750110576,56001,31251.416510419458
93552,766242362,42468,18042.81722708863
93553,37626851,1921,19587.11660593441
93554,1787225,45,39716.11111111111
93555,927829657,32810,28278.867936604693
93558,249272,51,4887.686274509804
93560,478947506,21581,22193.01728372179
93561,858795273,31091,27621.989418159596
93562,22452661,1633,13749.333129210043
93563,1485501,143,10388.11888111888
93581,55597180,3660,15190.486338797815
93591,95784748,7450,12857.013154362416
93601,57310587,1858,30845.310548977395
93602,90557074,3402,26618.775426219872
93603,2136983,280,7632.082142857143
93604,14640032,627,23349.333333333332
93605,5488217,144,38112.618055555555
93606,19031812,1352,14076.784023668639
93608,14599330,1173,12446.14663256607
93609,104597233,5694,18369.728310502283
93610,359057699,23859,15049.15122176118
93611,1638051381,47041,34821.780595650605
93612,676638401,37368,18107.4288428602
93614,320957930,11574,27730.94263003283
93615,57712776,5373,10741.25739810162
93616,35619450,2225,16008.741573033707
93618,490044852,30709,15957.694877723143
93619,2528664183,50032,50540.93746002558
93620,175266404,10311,16998.002521578896
93621,8700415,520,16731.56730769231
93622,173865938,9884,17590.64528530959
93623,1356565,75,18087.533333333333
93624,12933952,806,16047.086848635236
93625,210274776,8194,25662.042470100074
93626,117149214,2132,54948.03658536585
93627,1436609,188,7641.537234042553
93628,5320480,329,16171.671732522796
93630,398163883,21103,18867.64360517462
93631,510675623,16843,30319.75437867363
93633,1644651,37,44450.02702702703
93634,483900,55,8798.181818181818
93635,987118022,48510,20348.75328798186
93636,553969962,14004,39557.980719794345
93637,839819637,40202,20889.996442963038
93638,668241546,51106,13075.59867725903
93640,139645897,13865,10071.828128380816
93641,7812141,587,13308.587734241908
93643,69792840,3130,22298.031948881788
93644,205860466,7751,26559.213778867244
93645,13332563,297,44890.78451178451
93646,135153639,10492,12881.589687380862
93647,121903807,11143,10939.94498788477
93648,194215459,15393,12617.128499967517
93650,92100300,3744,24599.4391025641
93651,66290612,1445,45875.85605536332
93652,9402388,410,22932.653658536587
93653,29166713,1050,27777.821904761906
93654,564470769,30620,18434.70832789027
93656,110654300,6459,17131.800588326365
93657,868982483,37464,23195.133541533207
93660,54225118,4173,12994.277018931225
93662,512836333,30774,16664.597809839473
93664,30710262,614,50016.71335504886
93665,8558025,537,15936.731843575419
93666,11580970,668,17336.78143712575
93667,62876938,2294,27409.301656495205
93668,36736600,1054,34854.45920303605
93669,4169006,316,13193.056962025317
93670,1976548,80,24706.85
93673,12622125,667,18923.72563718141
93675,67929694,3820,17782.642408376963
93701,95916413,12037,7968.464982969178
93702,447034455,45741,9773.167508362301
93703,389750549,34840,11186.869948335247
93704,774569411,28573,27108.43842088685
93705,519241354,38125,13619.445350819673
93706,453420779,40965,11068.492103014769
93710,594151562,30552,19447.223160513222
93711,2184060686,37901,57625.410569641965
93720,1942064690,47814,40617.07219642783
93721,75558892,7899,9565.62754779086
93722,1843153745,87364,21097.405624742456
93723,362905529,12037,30149.167483592257
93725,389422103,26162,14885.028017735647
93726,602389100,42366,14218.691875560591
93727,1637296389,83212,19676.205222804405
93728,239981555,16191,14821.910629361992
93730,1061808106,13687,77577.85533718127
93737,249232369,6596,37785.38038204973
93740,479036,1213,394.9183841714757
93901,810455908,29700,27288.077710437712
93905,1019548952,64209,15878.59882570979
93906,1371805296,66381,20665.63167171329
93907,719986511,23315,30880.828265065407
93908,1022654811,13188,77544.34417652412
93920,31771376,1140,27869.62807017544
93921,300950520,2956,101810.05412719892
93923,1084828149,12338,87925.76989787648
93924,479974908,6609,72624.43758511121
93925,38548978,1515,25444.8699669967
93926,225902901,9187,24589.40905627517
93927,340621166,19976,17051.520124148978
93928,6764182,259,26116.532818532818
93930,325759978,16206,20101.195729976553
93932,18723737,533,35128.962476547844
93933,790740187,27218,29052.104746858695
93940,1320527782,30454,43361.39035923032
93943,3305210,55,60094.72727272727
93944,6557791,3395,1931.60265095729
93950,732340916,15082,48557.281262432036
93953,728364000,4271,170537.11074689767
93954,5563348,371,14995.547169811322
93955,689026740,32703,21069.221172369507
93960,439468875,26093,16842.405051163147
93962,61886956,692,89432.01734104047
94002,3083468200,28513,108142.53849121454
94005,379491638,4836,78472.21629445822
94010,10941741850,44045,248421.88330116926
94014,1556835818,48677,31982.986174168498
94015,2356150099,63489,37111.154672462944
94018,346582575,3513,98657.15200683176
94019,1502227727,15483,97024.33165407222
94020,110247916,1732,63653.5311778291
94021,7637696,171,44664.88888888889
94022,9122810538,20842,437712.8172920065
94024,6908293794,23263,296964.87099686195
94025,9480346622,42354,223835.92156584974
94027,7012380000,7270,964563.9614855571
94028,3610359987,6904,522937.4256952491
94030,1764014665,23212,75995.80669481303
94037,249696250,2811,88828.2639630025
94038,184083470,3176,57960.790302267
94040,4364249718,36501,119565.20966548861
94041,2092612366,15604,134107.43181235582
94043,3441544895,31414,109554.49465206596
94044,2352236853,38675,60820.60382676147
94060,59664011,1513,39434.243886318574
94061,2866606280,36704,78100.6506102877
94062,7357852330,26689,275688.57319494925
94063,1630171037,35836,45489.75993414444
94065,2765050325,12781,216340.68734840778
94066,2205467721,44147,49957.363376899906
94070,4931019588,31585,156119.03080576222
94074,14434307,282,51185.485815602835
94080,3159418049,66592,47444.40847248919
94085,2045375335,24031,85114.03333194624
94086,4635036557,50175,92377.410204285
94087,6665189272,58344,114239.49801179212
94089,1658191504,23255,71304.73033756182
94102,1742754688,39432,44196.45688780686
94103,2467172970,37843,65194.96260867267
94104,2658679614,576,4615763.21875
94105,3151841553,14841,212373.93389933291
94107,4317766985,34012,126948.34132071034
94108,991955985,13097,75739.17576544247
94109,4888149338,58501,83556.68002256371
94110,6183368609,68336,90484.78999356122
94111,1340250095,4306,311251.7638179285
94112,3016917778,79314,38037.64503114204
94114,6192983153,33683,183860.7948520025
94115,5447591318,35853,151942.41257356427
94116,2990925412,44092,67833.74335480359
94117,5046375876,38451,131241.73301084497
94118,6353000994,42356,149990.5797053546
94121,3666959023,43115,85050.65575785689
94122,3898664901,57160,68206.1739153254
94123,5762478751,26131,220522.70295817227
94124,1047152796,39445,26547.161769552542
94127,2762022131,20686,133521.32509910085
94128,22583739,2,11291869.5
94129,750103106,3647,205676.74965725254
94130,38722429,2747,14096.261012013105
94131,4309383687,28810,149579.44071502952
94132,1221850862,27723,44073.544060888074
94133,2044927679,26751,76443.0368584352
94134,1336552672,41695,32055.46641084063
94158,1155829664,11327,102041.99382007592
94188,270007266,3,90002422.0
94301,12803317216,17299,740118.9210937049
94303,4765590010,48281,98705.28800149127
94304,1826510659,4569,399761.5799956227
94305,1033083450,20961,49285.98110777158
94306,5240291648,28659,182849.77312537073
94401,2008912812,35249,56992.05117875685
94402,4458891327,25879,172297.66710460218
94403,3831932665,45057,85046.33386599197
94404,4058665963,37323,108744.36575302093
94501,3545385435,64116,55296.422655811344
94502,1084563059,14164,76571.8059164078
94503,741727476,22069,33609.47374144728
94505,840061428,15445,54390.51006798317
94506,3605265967,25361,142157.87890856038
94507,3280337692,15495,211702.9810906744
94508,112816331,3233,34895.24621094958
94509,1564109773,69931,22366.472279818678
94510,1448246397,27174,53295.29686465003
94511,63736406,2131,29909.153449084937
94512,2824077,86,32838.104651162794
94513,2996059375,67394,44455.87700685521
94514,53400768,1248,42789.07692307692
94515,297864122,6834,43585.61925665789
94516,7680663,212,36229.54245283019
94517,914704332,12525,73030.28598802396
94518,1172154153,27209,43079.6483884009
94519,699586390,18677,37457.107137120525
94520,1022670653,38383,26643.843706849388
94521,1911733281,42885,44578.13410283316
94523,1984414705,35272,56260.33978793377
94525,133410950,3288,40575.106447688566
94526,3987414623,33064,120596.8613295427
94528,423376967,1054,401685.92694497155
94530,1522215827,26360,57747.18615326252
94531,1434199980,45342,31630.717215826386
94533,1969916233,77380,25457.692336521064
94534,2061971322,42296,48750.97697181767
94535,27028136,4259,6346.122563982155
94536,4561683118,73172,62341.92201935167
94538,3641419829,66424,54820.845311935445
94539,6417845076,54026,118791.78684337171
94541,2054254022,69736,29457.58319949524
94542,945554619,15691,60260.9533490536
94544,2369511894,79769,29704.67091225915
94545,1265489589,33786,37456.03471852247
94546,2165982746,46687,46393.70158716559
94547,1103142469,26016,42402.46267681427
94548,30626259,420,72919.66428571429
94549,4575464984,28637,159774.5917519293
94550,3590276443,49959,71864.45771532657
94551,2178276440,40358,53973.84508647604
94552,1111189977,14721,75483.3215814143
94553,2255649809,49756,45334.227208778844
94555,2879226303,36887,78055.31225092852
94556,1693432154,16134,104960.46572455684
94558,3341465383,65473,51035.776320009776
94559,1135667341,28137,40362.062089064224
94560,2837774893,47533,59701.15273599394
94561,1483456388,44545,33302.42200022449
94562,44048254,1,44048254.0
94563,3990920392,19496,204704.57488715634
94564,726701576,19024,38199.19974768713
94565,2413119785,100341,24049.19011171904
94566,4804484675,45055,106635.99323049607
94567,47959441,633,75765.30963665087
94568,5388520509,72590,74232.27040914727
94569,9101329,210,43339.6619047619
94571,334688269,10439,32061.334323211035
94572,271239292,9622,28189.491997505716
94573,125992933,96,1312426.3854166667
94574,920033082,8317,110620.78658170013
94575,1452110,933,1556.3879957127544
94576,4659054,141,33042.936170212764
94577,1817754334,48868,37197.23201276909
94578,1111925995,40957,27148.619161559684
94579,730410360,21869,33399.34884997028
94580,970920475,29590,32812.45268671848
94582,4285613443,49311,86909.88710429722
94583,3190766022,38444,82997.7635521798
94585,836549769,29764,28106.093569412715
94586,99892073,943,105930.08801696713
94587,3466525525,70121,49436.33897120691
94588,3118545316,36398,85679.02950711577
94589,718096377,32290,22238.97110560545
94590,855543723,39981,21398.757484805283
94591,1887482777,56305,33522.47184086671
94592,52752809,1082,48754.90665434381
94595,1229506946,17716,69400.93395800407
94596,1719762274,22861,75226.90494729014
94597,1511004957,23661,63860.570432357046
94598,2416202117,26826,90069.41463505554
94599,212140093,3540,59926.579943502824
94601,1059355433,54166,19557.571779344977
94602,1682474892,29702,56645.17177294458
94603,704213847,36681,19198.327390202012
94605,1619843604,44294,36570.27145888834
94606,1044107832,40768,25610.96526687598
94607,1120813414,31067,36077.297904528925
94608,1680126691,33073,50800.55304931515
94609,1244586583,23578,52785.926838578336
94610,2647585802,31261,84692.93375131954
94611,5329638443,40262,132373.91195171626
94612,1061206524,19773,53669.474738279474
94613,3101599,346,8964.158959537572
94618,2303036138,16946,135904.41036232738
94619,1377028433,24867,55375.73623677967
94621,549321921,35816,15337.333063435337
94702,902757132,17637,51185.41316550434
94703,1046826665,20805,50316.10982936794
94704,442043009,25259,17500.416049724852
94705,1639387518,13591,120623.02391288352
94706,1117608306,21134,52882.00558342008
94707,1779370675,12781,139219.98865503483
94708,1404666870,11553,121584.59880550507
94709,559145944,12514,44681.6320920569
94710,469064459,9552,49106.413211892796
94720,3442923,7478,460.40692698582507
94801,721246517,33486,21538.74804395867
94803,936688440,26457,35404.18188003175
94804,1213531945,45108,26902.80981200674
94805,523536135,14958,35000.41014841556
94806,1485977140,64589,23006.659647927667
94901,3001072011,43338,69248.0504637962
94903,2026967650,30514,66427.46444255096
94904,2551562119,12718,200626.0511872936
94920,3802465626,13010,292272.5308224443
94922,15825138,176,89915.55681818182
94923,91571109,1287,71150.82284382284
94924,246811291,1507,163776.5700066357
94925,1127041675,10204,110450.96775774207
94928,1448815869,47062,30785.25921125324
94929,17439710,227,76826.91629955947
94930,565311183,8729,64762.42215603162
94931,375758920,9119,41206.15418357276
94933,37582162,1226,30654.292006525284
94937,56293956,935,60207.43957219251
94938,29035495,683,42511.70571010249
94939,1186514796,7465,158943.7101138647
94940,13660784,319,42823.774294670846
94941,4851828852,31480,154124.16937738247
94945,1032793502,17876,57775.425262922356
94946,82185020,624,131706.7628205128
94947,1436626167,24870,57765.42689987937
94949,1142578826,17588,64963.54480327496
94950,4590602,60,76510.03333333334
94951,227672226,4172,54571.48274209013
94952,1729477195,33619,51443.44552187751
94954,1647280181,38301,43008.80345160701
94956,57069386,1684,33889.184085510686
94957,1432881732,1858,771195.7653390743
94960,1807468395,15920,113534.44692211055
94963,44419133,506,87784.84782608696
94964,16562693,4264,3884.308864915572
94965,1496583040,11447,130740.19743164149
94970,66928221,620,107948.7435483871
94971,14225492,372,38240.56989247312
94972,12763160,146,87418.90410958904
94973,87196151,1516,57517.25
95002,87167652,2039,42750.19715546837
95003,1559814408,24706,63135.044442645514
95004,161227335,4348,37080.803817847285
95005,302527512,6551,46180.35597618684
95006,403506037,9454,42680.985508779355
95007,24448715,883,27688.238958097394
95008,3903188253,49038,79595.1762510706
95010,501369804,9080,55216.93876651982
95012,219727006,11858,18529.853769607016
95013,8204814,108,75970.5
95014,7969256866,62585,127334.9343452904
95017,24082716,969,24853.164086687306
95018,358988683,8003,44856.76408846682
95019,172270102,6603,26089.671664394973
95020,2817567808,68090,41380.05298869144
95023,1982720158,56973,34801.048882804134
95030,3839292580,13585,282612.6301067354
95032,4216410067,28109,150002.136931232
95033,988781029,9565,103374.91155253528
95035,5313803958,80440,66059.22374440577
95037,3632101288,53126,68367.67850016941
95039,44434509,1617,27479.597402597403
95041,24476112,602,40657.993355481725
95043,24102555,709,33995.14104372355
95045,171344595,4323,39635.5759888966
95046,378352483,6361,59480.03191322119
95050,2380754758,39031,60996.509389972074
95051,5377914792,61466,87494.13971951974
95053,2011463,2582,779.0329202168862
95054,2481702302,25024,99172.88610933504
95060,2946143371,47931,61466.34476643508
95062,1753376995,36268,48345.01475129591
95064,40998607,8806,4655.758233022939
95065,480294803,8444,56880.00982946471
95066,1069339489,15483,69065.39359297293
95070,8543553756,32419,263535.38838335546
95073,644458541,10549,61091.90833254337
95075,41732359,470,88792.25319148936
95076,2219885031,84433,26291.675423116554
95110,884850901,20495,43173.988826543056
95111,1706720499,60593,28166.9582129949
95112,2078069102,60754,34204.64664055042
95113,228335057,2658,85904.83709556058
95116,1170503831,51222,22851.58390925774
95117,1527627485,30137,50689.43441616617
95118,2102128755,32764,64159.71050543279
95119,636735251,10050,63356.74139303483
95120,4944268124,38341,128955.11655929683
95121,1544328168,37609,41062.72881491132
95122,1330581857,54056,24614.87821888412
95123,3654446238,70040,52176.55965162764
95124,4363127925,50054,87168.41661006113
95125,5227234087,54000,96800.63124074074
95126,2396196802,37372,64117.43556673446
95127,2184356868,63749,34264.95894837566
95128,1466745763,34776,42176.95430756844
95129,3855262960,41819,92189.26707955713
95130,1062467963,13584,78214.66158716136
95131,1996366164,30975,64450.88503631961
95132,2346026845,40426,58032.62368277841
95133,1405396907,30080,46721.97164228724
95134,2698020247,29746,90701.95142203994
95135,2010219146,20734,96952.78991029227
95136,2495548598,45971,54285.27980683474
95138,2846064209,19530,145727.81408090118
95139,400015660,6764,59138.92075694855
95140,27776376,276,100639.04347826086
95148,2384707485,45819,52046.257775158774
95202,71930408,6949,10351.188372427687
95203,264313968,18064,14632.084145261293
95204,714063085,30719,23244.99772127999
95205,544433692,40720,13370.179076620825
95206,1194790994,69350,17228.420966113914
95207,1146871465,52465,21859.74392452111
95209,1155404542,44660,25871.12722794447
95210,637025935,41378,15395.280946396635
95211,387358,1832,211.43995633187774
95212,823722995,30111,27356.215170535685
95215,431234502,27118,15902.149937311011
95219,1320545798,29392,44928.74925149701
95220,269640851,7241,37238.068084518716
95221,39706612,549,72325.34061930783
95222,135556373,4888,27732.48220130933
95223,131152203,4050,32383.26
95224,12099143,367,32967.692098092644
95225,18559454,605,30676.78347107438
95226,1095829,48,22829.770833333332
95227,55531323,1009,55035.99900891972
95228,179477739,4571,39264.436447166925
95230,18314129,786,23300.418575063613
95231,82306620,4808,17118.68136439268
95232,5195676,170,30562.8
95233,9840066,363,27107.619834710742
95236,198804627,4476,44415.68967828418
95237,109908105,3259,33724.487572875114
95240,1025222372,49102,20879.442222312737
95242,1018556721,27341,37253.82103800154
95245,44628013,2126,20991.53951081844
95246,33966438,1307,25988.093343534812
95247,154950980,3963,39099.414584910424
95248,6642526,266,24971.9022556391
95249,101736632,3983,25542.71453678132
95251,20082375,753,26669.820717131475
95252,418699741,14260,29361.83316970547
95253,20099866,286,70279.25174825174
95254,25535862,525,48639.73714285714
95255,30987068,1956,15842.059304703476
95257,8793679,454,19369.337004405286
95258,233873193,4054,57689.490133201776
95301,920067989,40886,22503.25267817835
95303,20064703,722,27790.447368421053
95304,603690341,16210,37241.84706971006
95305,6051167,416,14546.07451923077
95306,28373076,936,30313.115384615383
95307,911696985,46346,19671.53551547059
95309,6559798,9,728866.4444444445
95310,67615346,1794,37689.71348940914
95311,34941695,1997,17497.093139709563
95312,6307287,251,25128.63346613546
95313,33995085,1351,25162.905255366397
95315,216227308,12875,16794.354019417475
95316,237997904,7206,33027.741326672214
95317,22043445,750,29391.26
95318,12745963,413,30861.89588377724
95319,39589450,2130,18586.596244131455
95320,413761128,13148,31469.51080012169
95321,108659122,3745,29014.451802403204
95322,199068298,10381,19176.21597148637
95323,50989829,1266,40276.32622432859
95324,232684134,7148,32552.341074426415
95325,1260065,47,26809.893617021276
95326,334194985,10429,32044.777543388627
95327,142428826,8837,16117.327826185357
95328,77376046,3925,19713.64229299363
95329,64629364,2747,23527.253003276302
95330,898837747,29065,30925.090211594703
95333,57541559,2752,20908.996729651164
95334,302279521,16594,18216.193865252502
95335,8543726,412,20737.199029126212
95336,1392544987,47281,29452.52822486834
95337,1411854266,44476,31744.182615343107
95338,263947254,11019,23953.830111625375
95340,899218133,38606,23292.18600735637
95341,435647284,33194,13124.278002048562
95345,12933741,633,20432.450236966826
95346,31073060,1106,28094.990958408678
95348,660746465,35066,18842.938031141275
95350,1256155415,55344,22697.22851618965
95351,692049880,48668,14219.813429769047
95354,542839406,26765,20281.68899682421
95355,1795252720,62337,28799.15170765356
95356,1330465113,33070,40231.78448745086
95357,437857290,12692,34498.683422628426
95358,676663158,32131,21059.51131306215
95360,279789548,13892,20140.336020731356
95361,1109527186,35019,31683.57708672435
95363,694576415,29309,23698.400320720597
95364,8249778,24,343740.75
95365,63771879,4502,14165.233007552199
95366,854294751,18239,46838.90295520588
95367,612863864,25421,24108.566303449905
95368,389133850,13896,28003.299510650548
95369,19183363,816,23509.023284313724
95370,792314980,28090,28206.30046279815
95372,99987250,1838,54400.027203482045
95374,29829900,1856,16072.144396551725
95376,1502363143,53781,27934.830944013684
95377,1343371660,34590,38836.99508528476
95379,86889868,3816,22769.881551362683
95380,855897510,42912,19945.41177293065
95382,1182028306,38702,30541.788693090795
95383,148797639,4157,35794.476545585756
95385,6372324,515,12373.444660194175
95386,235572511,10750,21913.721953488373
95387,18678780,739,25275.75101488498
95388,205881327,13878,14835.086251621271
95389,20470560,594,34462.22222222222
95391,1157502175,24709,46845.367072726534
95401,1154438898,37272,30973.355280103027
95403,1769911718,44705,39590.911933788164
95404,1948720018,38034,51236.26276489457
95405,991317595,22015,45029.18896207131
95407,1000905384,42504,23548.498588368155
95409,1303769944,27741,46997.9432608774
95410,22130218,974,22720.963039014372
95412,5916644,275,21515.06909090909
95415,34366065,1496,22971.9685828877
95417,2464162,168,14667.630952380952
95419,6560612,192,34169.854166666664
95420,8585028,396,21679.363636363636
95421,41024645,1409,29116.142654364798
95422,169330239,17017,9950.651642475172
95423,51572789,4232,12186.386814744801
95425,390449132,11252,34700.42054745823
95426,46121206,1921,24008.956793336805
95427,8134897,492,16534.343495934958
95428,31780917,3017,10533.94663573086
95429,1318548,106,12439.132075471698
95430,4949412,45,109986.93333333333
95432,11220788,443,25329.09255079007
95435,7699011,53,145264.35849056602
95436,211128640,5265,40100.40645773979
95437,322177341,14608,22054.856311610078
95439,30902130,747,41368.31325301205
95441,99204223,1915,51803.77180156658
95442,235987077,2955,79860.26294416243
95443,2992619,134,22332.9776119403
95444,60191420,710,84776.64788732394
95445,110772796,2362,46897.88145639289
95446,143355333,4690,30566.16908315565
95448,1113303564,16245,68532.07534626039
95449,36748796,1422,25843.03516174402
95450,19033722,372,51165.91935483871
95451,269776377,11747,22965.555205584405
95452,85283750,1141,74744.74145486415
95453,273003473,11978,22792.074887293373
95454,42659103,2796,15257.18991416309
95456,32117324,798,40247.2731829574
95457,66240260,3231,20501.473228102754
95458,38243341,3394,11267.926045963464
95459,13958152,581,24024.35800344234
95460,116098845,2364,49111.18654822335
95461,79705408,2689,29641.282261063592
95462,37708247,1249,30190.750200160128
95463,9100174,218,41743.91743119266
95464,34610780,2725,12701.203669724771
95465,97171802,1959,49602.75752935171
95466,32043068,1219,26286.356029532402
95467,180102144,6031,29862.733211739345
95468,29971149,1398,21438.590128755364
95469,42174942,1855,22735.817789757413
95470,159068316,6041,26331.45439496772
95471,7771751,677,11479.69128508124
95472,1377395728,28430,48448.671403447064
95476,1923851291,34575,55642.842834417934
95480,12044534,64,188195.84375
95482,820470097,33276,24656.51211083063
95485,43482036,2671,16279.30962186447
95486,3245414,71,45710.05633802817
95488,9004301,240,37517.92083333333
95490,260617060,14227,18318.483165811485
95492,1220916250,27819,43887.85542255293
95493,3815021,218,17500.096330275228
95494,8153181,291,28017.80412371134
95497,43428648,1159,37470.79206212252
95501,429316455,23323,18407.428504051793
95503,617516938,24488,25217.124224109768
95511,1682817,268,6279.167910447762
95514,2520765,228,11055.986842105263
95519,501439207,18421,27221.063297323708
95521,402022246,21581,18628.52722302025
95524,99822726,1691,59031.771732702546
95525,47937786,1701,28182.119929453263
95526,8645222,520,16625.426923076924
95527,4554154,556,8190.924460431655
95528,21153951,996,21238.906626506025
95531,413384780,23223,17800.662274469276
95536,87464474,2753,31770.604431529242
95537,5332187,313,17035.741214057507
95538,6741452,635,10616.459842519685
95540,330865341,14055,23540.75709711846
95542,45839855,2519,18197.63993648273
95543,15414134,738,20886.360433604335
95545,2656086,170,15624.035294117648
95546,27879593,3641,7657.125240318594
95547,42803910,1270,33703.86614173228
95548,9945585,1205,8253.597510373444
95549,24413318,898,27186.322939866368
95550,2771018,151,18351.112582781458
95551,36118727,1871,19304.504008551576
95552,3623803,552,6564.860507246377
95553,13180254,1054,12504.984819734345
95554,4658915,297,15686.582491582492
95555,3032109,415,7306.286746987952
95556,7866423,650,12102.18923076923
95558,8031745,548,14656.46897810219
95559,1656841,163,10164.668711656443
95560,40775148,1548,26340.53488372093
95562,57818519,3475,16638.42273381295
95563,10135782,589,17208.458404074703
95564,6627896,438,15132.182648401826
95565,14750253,875,16857.432
95567,44946455,1931,23276.258415328844
95568,1666542,164,10161.841463414634
95569,3746260,211,17754.78672985782
95570,77770677,2543,30582.25599685411
95571,3225300,297,10859.59595959596
95573,41030002,1750,23445.715428571428
95585,3620897,471,7687.67940552017
95587,2577079,144,17896.381944444445
95589,23600564,1648,14320.730582524271
95595,2133729,146,14614.582191780823
95601,11559735,284,40703.292253521126
95602,793697016,18364,43220.2687867567
95603,1137562224,28021,40596.77470468577
95604,107020965,49,2184101.326530612
95605,297268436,14204,20928.501548859476
95607,21451896,311,68977.1575562701
95608,2441186729,65367,37345.858445392936
95610,1155223015,46592,24794.450012877747
95612,88878481,1317,67485.5588458618
95613,12304908,135,91147.46666666666
95614,159948209,3891,41107.22410691339
95615,21862027,762,28690.324146981628
95616,1660881154,51003,32564.38158539694
95618,1434311634,27472,52209.94590856144
95619,184924654,4816,38397.97632890366
95620,715520738,21439,33374.72540696861
95621,1049765847,42941,24446.702382338557
95623,161683337,4267,37891.57183032575
95624,2311850349,66575,34725.50280135186
95625,11388866,175,65079.23428571429
95626,166014752,5766,28792.01387443635
95627,103901360,3899,26648.20723262375
95628,1973226733,42824,46077.59043994022
95629,32915178,1036,31771.407335907337
95630,4249279365,74787,56818.42251995668
95631,216113898,6362,33969.49041182018
95632,900049038,31470,28600.223641563392
95633,83837990,3017,27788.52833941001
95634,83965212,3109,27007.14441942747
95635,35036779,1236,28346.90857605178
95636,22849736,1109,20603.90982867448
95637,8375752,322,26011.652173913044
95638,81757060,2295,35623.99128540305
95639,6941794,273,25427.81684981685
95640,268731782,12831,20943.94684747876
95641,49929631,2266,22034.259046778465
95642,221879697,7544,29411.41264581124
95645,34362071,1715,20036.193002915454
95646,7963950,188,42361.436170212764
95648,2277116702,54483,41794.994805719216
95650,1042549929,13446,77536.06492637216
95651,89801467,763,117695.23853211009
95652,10357584,914,11332.148796498906
95653,10982586,579,18968.19689119171
95658,385866623,6532,59073.27357624005
95659,22687410,724,31336.201657458565
95660,602024295,35368,17021.72288509387
95661,1482740669,32847,45140.824702408136
95662,1150633250,32688,35200.47876896721
95663,239615131,2905,82483.69397590362
95664,57013880,1329,42899.834462001505
95665,134232491,4657,28823.811681339917
95666,127309672,5398,23584.600222304558
95667,1257924412,37283,33739.892497921304
95668,30347965,872,34802.7121559633
95669,109525982,2431,45053.879884821064
95670,1692680455,57988,29190.18512450852
95671,48090,5667,8.485971413446268
95672,259380277,4700,55187.2929787234
95673,367659231,16290,22569.62744014733
95674,31128755,855,36407.90058479532
95675,6092308,390,15621.302564102563
95676,9524332,120,79369.43333333333
95677,1192922120,28351,42076.897463934256
95678,1460633712,45136,32360.7256292095
95679,5798671,91,63721.65934065934
95680,3084355,121,25490.537190082643
95681,31354366,1324,23681.545317220545
95682,1371258354,30233,45356.34419343102
95683,382107094,6550,58336.96091603053
95684,75262347,3283,22924.869631434663
95685,166789633,4542,36721.62769704976
95686,17376505,1338,12986.924514200298
95687,2106417590,69837,30161.91402838037
95688,1622217679,39571,40995.11457885826
95689,46583650,1274,36564.87441130298
95690,70836421,2270,31205.4718061674
95691,1343518118,39849,33715.22793545635
95692,138862028,4975,27911.965427135678
95693,403924494,7549,53507.020002649355
95694,365613990,9629,37970.08931353204
95695,1125149838,38956,28882.58132251771
95697,18146107,396,45823.50252525252
95698,9363002,213,43957.7558685446
95699,3615709,175,20661.194285714286
95701,30548616,986,30982.369168357
95703,66271207,1943,34107.672156459084
95709,217616138,4874,44648.366434140335
95713,262422286,9156,28661.237003058104
95714,11798104,360,32772.51111111111
95715,3359121,98,34276.744897959186
95717,7467654,243,30731.086419753086
95720,2656045,133,19970.263157894737
95722,289808025,4682,61898.33938487826
95726,251200267,8985,27957.737006121315
95728,35494999,457,77669.58205689277
95735,3316286,87,38118.22988505747
95736,39174583,339,115559.2418879056
95742,736598350,16260,45301.251537515374
95746,2357994240,22166,106378.87936479293
95747,3462482070,75019,46154.73506711633
95757,1982278278,55257,35873.79477713231
95758,2120582754,64517,32868.58896104903
95762,3801900266,47354,80286.78181357436
95765,2068886897,43120,47979.75178571429
95776,858736936,26612,32268.786111528632
95811,354339244,12463,28431.296156623604
95814,320071447,12208,26218.17226408912
95815,398907159,27838,14329.591170342697
95816,978157033,18606,52572.12904439428
95817,400002013,14270,28030.97498248073
95818,1175296880,22375,52527.23486033519
95819,1221129981,20812,58674.32159331155
95820,770920623,36848,20921.640876031262
95821,940531114,39310,23926.00137369626
95822,1211372359,45215,26791.38248368904
95823,1310384011,81212,16135.34959119342
95824,427776396,31524,13569.86410354016
95825,852452173,36081,23626.06837393642
95826,1060245137,39902,26571.22793343692
95827,541610827,21566,25114.106788463323
95828,1156706648,63116,18326.678623486914
95829,1066747073,32123,33208.202004794075
95830,45021701,1015,44356.35566502463
95831,1853668168,43099,43009.540082136475
95832,187014519,11930,15675.986504610226
95833,1033897454,40195,25722.041398183854
95834,1149109365,35617,32262.946486228488
95835,1508385857,41399,36435.32107055726
95837,22290984,242,92111.5041322314
95838,674083107,41340,16305.832293178519
95841,428768738,21873,19602.648836465047
95842,631172645,34196,18457.499268920343
95843,1222533715,48234,25345.891176348632
95864,1972666851,24249,81350.4412965483
95901,648763325,35840,18101.6552734375
95903,8085835,2412,3352.3362354892206
95910,719698,64,11245.28125
95912,179883510,4942,36398.92958316471
95913,11998476,369,32516.19512195122
95914,17368137,693,25062.246753246753
95916,8159570,1680,4856.886904761905
95917,78461280,3264,24038.382352941175
95919,20285626,1411,14376.772501771793
95920,7156445,267,26803.16479400749
95922,8287155,666,12443.175675675675
95923,2248928,53,42432.6037735849
95925,5128886,281,18252.26334519573
95926,940924420,41259,22805.31326498461
95928,1124311677,38378,29295.73393610923
95930,3433472,253,13571.03557312253
95932,199080526,7832,25418.86184882533
95934,4963055,322,15413.214285714286
95935,11274154,750,15032.205333333333
95936,9298475,361,25757.548476454293
95937,31891441,1554,20522.162805662807
95938,182964405,3740,48920.963903743315
95939,6131740,545,11250.899082568807
95941,6198453,480,12913.44375
95942,43239843,1576,27436.448604060915
95943,38210776,774,49367.927648578814
95944,774513,45,17211.4
95945,699026590,26302,26576.93673484906
95946,368641351,9964,36997.32547169811
95947,33663771,1583,21265.80606443462
95948,258537038,11603,22281.91312591571
95949,703457628,20720,33950.65772200772
95950,8659526,413,20967.375302663437
95951,77885342,2385,32656.32788259958
95953,223814282,11357,19707.165800827683
95954,126523733,8556,14787.72007947639
95955,50000593,1403,35638.34141126158
95956,8878716,458,19385.842794759825
95957,16182858,669,24189.62331838565
95958,1910754,45,42461.2
95959,685026964,18621,36787.87197250416
95960,18245109,762,23943.712598425198
95961,613719697,30717,19979.805872969366
95962,34619969,1316,26306.967325227964
95963,343529791,16250,21140.29483076923
95965,332076786,21548,15411.025895674773
95966,576145916,31591,18237.65996644614
95968,31675372,1512,20949.320105820105
95969,160675840,5710,28139.3765323993
95970,20013998,535,37409.34205607477
95971,170267687,5672,30018.98571932299
95972,2942759,84,35032.84523809524
95973,1250105869,39609,31561.157035017295
95974,16906323,142,119058.61267605633
95975,43917089,1702,25803.225029377205
95977,37305016,1797,20759.608235948803
95978,2937698,137,21443.05109489051
95979,7723616,519,14881.726396917149
95981,483795,191,2532.9581151832463
95982,115709798,3283,35245.14102954615
95983,10070544,401,25113.576059850373
95984,1325397,139,9535.230215827338
95986,1485157,121,12274.02479338843
95987,142991385,6270,22805.643540669855
95988,205319373,8842,23220.919814521603
95991,811184759,43345,18714.60973584035
95993,1083368211,37783,28673.430140539396
96001,993544768,33914,29296.00660494191
96002,813737541,35158,23145.160162694123
96003,1129339659,45185,24993.685050348566
96006,9437651,473,19952.750528541226
96007,461350934,24056,19178.206434985033
96008,51724130,1237,41814.17138237672
96009,12160664,481,25282.045738045737
96010,1431435,154,9295.032467532468
96011,1322041,148,8932.70945945946
96013,79506630,4020,19777.768656716416
96014,4069472,237,17170.767932489453
96015,6705199,364,18420.876373626375
96016,7829923,399,19623.867167919798
96017,2050223,169,12131.497041420118
96019,192308328,10491,18330.790963683157
96020,66543558,2407,27645.848774407976
96021,280357916,17123,16373.177363779712
96022,418145935,16528,25299.245825266215
96023,13678230,1102,12412.186932849365
96024,15824472,859,18421.9697322468
96025,33421977,2225,15021.113258426967
96027,48810488,1953,24992.56938044035
96028,31740390,1679,18904.34187016081
96029,3319690,138,24055.72463768116
96031,1313915,118,11134.872881355932
96032,50159106,2593,19344.04396451986
96033,5726874,429,13349.356643356643
96034,4462940,345,12936.057971014492
96035,52191986,3175,16438.420787401574
96037,9002810,312,28855.160256410258
96038,11833728,586,20194.07508532423
96039,13142736,1037,12673.805207328833
96040,5168501,283,18263.254416961132
96041,35160477,5574,6307.943487621098
96044,14761000,1015,14542.857142857143
96046,1835068,304,6036.4078947368425
96047,16675722,888,18778.966216216217
96048,11679054,698,16732.16905444126
96050,5554501,476,11669.11974789916
96051,26949405,1136,23723.06778169014
96052,20619404,1498,13764.622162883845
96054,4156803,288,14433.34375
96055,125971226,3951,31883.37787901797
96056,34076245,1444,23598.507617728534
96057,24736089,1202,20579.10898502496
96058,10780729,659,16359.224582701063
96059,8850247,572,15472.45979020979
96061,1944926,90,21610.28888888889
96062,37539538,994,37766.134808853116
96063,2668215,125,21345.72
96064,74871056,4387,17066.573056758603
96065,6851470,409,16751.760391198044
96067,228050407,7145,31917.481735479356
96068,680665,185,3679.2702702702704
96069,22243706,1052,21144.2072243346
96071,2444159,127,19245.346456692914
96073,216420543,4614,46905.18920676203
96074,2287615,312,7332.099358974359
96075,2663173,427,6236.939110070258
96076,3362666,276,12183.572463768116
96078,6169104,57,108229.8947368421
96080,731651705,29672,24657.984126449177
96084,9775632,515,18981.809708737863
96085,1785536,63,28341.84126984127
96086,3473477,300,11578.256666666666
96087,20881749,547,38175.04387568556
96088,100391155,4781,20997.940807362476
96090,9178571,451,20351.59866962306
96091,13141817,574,22895.15156794425
96092,11129755,419,26562.66109785203
96093,124288297,4140,30021.327777777777
96094,157443042,6908,22791.407353792703
96096,13446069,763,17622.633027522937
96097,220188825,10131,21734.16493929523
96101,95442279,5238,18221.130011454752
96103,54775076,1611,34000.667908131596
96104,11211481,613,18289.52854812398
96105,10290006,568,18116.207746478874
96106,19715336,522,37768.84291187739
96107,15401304,1100,14001.185454545455
96108,1408405,129,10917.868217054263
96109,14156936,888,15942.495495495496
96110,1822229,101,18041.871287128713
96111,1328301,80,16603.7625
96112,2122910,219,9693.65296803653
96113,18041555,1898,9505.561116965226
96114,87285636,3101,28147.576910673975
96115,1324653,169,7838.183431952662
96116,2434081,150,16227.206666666667
96117,7223565,337,21434.910979228487
96118,32772340,1447,22648.472702142364
96119,841097,82,10257.280487804877
96120,24731878,955,25897.25445026178
96121,10102524,334,30247.077844311378
96122,83031617,4070,20400.888697788698
96123,1005619,100,10056.19
96124,10381624,343,30267.125364431486
96125,6280836,291,21583.628865979383
96126,6516214,273,23868.915750915752
96128,16044840,535,29990.355140186915
96129,5421504,266,20381.593984962405
96130,361502038,22121,16342.029655078884
96133,2059594,175,11769.108571428571
96134,38197516,2028,18835.067061143985
96135,2076066,82,25317.878048780487
96136,1239140,116,10682.241379310344
96137,69621384,3265,21323.547932618683
96140,67791910,1115,60799.91928251121
96141,34654973,600,57758.28833333333
96142,33419689,973,34347.05960945529
96143,95941952,3965,24197.213619167716
96145,252164913,3189,79073.34995296331
96146,74843034,1194,62682.608040201005
96148,31372057,993,31593.20946626385
96150,637773852,29518,21606.269123924387
96155,30014685,8,3751835.625
96161,936146891,19651,47638.638797007785
