zip,pv_capacity_ac,pv_capacity_residential_ac,pv_count_residential_ac,pv_capacity_residential_ac_under10,pv_count_residential_ac_under10
90001,1793.251,888.944,182,739.612,176
90002,695.2,695.2,169,672.109,167
90004,25.197,0.0,0,0.0,0
90008,331.823,331.823,51,243.867,44
90011,15.834,15.834,2,15.834,2
90012,684.319,0.0,0,0.0,0
90013,4.364,4.364,1,4.364,1
90015,23.386,23.386,1,0.0,0
90017,8.263,8.263,1,8.263,1
90020,5.202,5.202,1,5.202,1
90021,6.748,6.748,2,6.748,2
90022,3906.714,1633.366,370,1553.457,363
90023,607.59,320.099,77,298.309,75
90024,18.038,18.038,1,0.0,0
90025,2225.18,59.062,12,34.67,11
90032,60.578,0.0,0,0.0,0
90036,11.362,11.362,2,11.362,2
90038,114.774,0.0,0,0.0,0
90040,10483.58,633.528,137,610.53,135
90042,3.937,3.937,1,3.937,1
90043,2421.165,2359.236,411,2058.063,385
90044,1033.351,843.248,192,820.219,190
90045,801.835,0.0,0,0.0,0
90046,444.361,209.864,44,185.19299999999998,42
90047,2626.056,1475.925,330,1454.235,328
90048,230.09,188.624,36,153.828,33
90049,4.288,4.288,1,4.288,1
90056,3292.264336,3253.364336,447,2225.889,367
90059,1362.87503,1245.67603,294,1189.99603,289
90060,12.159,12.159,2,12.159,2
90061,2530.496,873.407,184,799.144,178
90062,7.781,7.781,2,7.781,2
90063,3705.0260000000003,1427.129,316,1350.473,309
90066,636.527,519.431,112,508.26,111
90069,639.36,213.379,43,191.285,42
90073,133.9,0.0,0,0.0,0
90074,3.426,3.426,1,3.426,1
90201,4356.921,2009.097,424,1905.217,415
90210,5004.038,3933.054,309,1063.633,152
90211,821.74,508.533,83,423.39,76
90212,952.585,623.638,89,409.0,73
90220,5614.15091,2644.44191,611,2517.15117,600
90221,5536.168,2835.704,607,2624.2,593
90222,2673.457,1875.518,442,1807.24,436
90230,4653.648792,2828.118792,556,2639.642792,540
90232,3984.986,2766.785,521,2430.749,497
90240,5850.908,5643.445,861,4209.535,751
90241,8775.99158,6036.57258,942,4611.0553,829
90242,6673.579,4637.402,816,4016.464,765
90245,7541.116,3144.539,521,2485.841,477
90247,2830.542,2083.143,553,1986.489,544
90248,4263.241,603.519,226,591.1659999999999,225
90249,5617.122,3536.074,853,3364.308,839
90250,12821.415,5460.423,1141,5141.224,1119
90251,10.233,10.233,3,10.233,3
90254,3838.764663,2918.136663,519,2433.222,481
90255,4117.524,1905.516,395,1840.098,389
90260,1499.798,1362.743,296,1266.834,292
90261,4.573,4.573,1,4.573,1
90262,6565.896,4124.491,875,3769.825,846
90263,11.237,8.827,1,8.827,1
90265,9500.765,8938.419,939,3904.982,640
90266,12394.055,9899.663,1550,7411.276,1362
90270,2234.546,633.707,130,610.22,128
90272,9.672,9.672,1,9.672,1
90274,10516.2184,10114.0544,1182,5435.2124,847
90275,15086.386781,14470.964781,2017,10114.583781,1677
90277,6075.478704,4937.347704,809,3985.241704,757
90278,7344.0,5300.646,1073,4944.377,1043
90280,7775.725,3995.467,846,3719.672,822
90290,3340.904637,3246.839637,440,2087.243651,356
90291,17.016,17.016,3,17.016,3
90292,873.6220000000001,0.0,0,0.0,0
90301,2135.495,1288.228,305,1109.8,299
90302,1359.599,1015.187,217,944.017,211
90303,2142.922,1362.801,278,1295.526,272
90304,3251.815,1067.406,187,739.096,180
90305,1868.81636,1713.85536,344,1638.78236,338
90401,1557.044,111.11,12,49.82,9
90402,3498.839675,3471.998675,494,2313.429675,410
90403,1942.094,1140.701,206,913.842,189
90404,2697.8748755,535.2058755,113,386.9462755,107
90405,4884.15921,3588.87321,694,3147.98437,660
90407,9.961,9.961,1,9.961,1
90409,8.738,8.738,1,8.738,1
90501,8268.659,2623.252,495,2369.6059999999998,474
90502,1896.764,1474.9759999999999,327,1427.515,323
90503,6019.942174,4706.420174,897,4307.844674,865
90504,4432.797,4115.352,852,3948.429,837
90505,9752.2074,5844.1334,1022,5142.9844,964
90601,8929.9335785,5923.2405785,956,4611.3219785,872
90602,4350.652,4146.042,874,3658.217,833
90603,7111.5671,6090.4521,955,4754.6831,846
90604,7998.851975,7745.509975,1329,6831.191,1249
90605,7105.454,6845.228,1148,5462.253,1039
90606,4728.265962,4080.236962,748,3718.944962,717
90608,7.979,7.979,2,7.979,2
90610,4.114,4.114,1,4.114,1
90620,16688.988689,12535.244689,2227,11141.963389,2113
90621,8655.379029,5801.880029,1176,4819.983629,1100
90622,11.742,11.742,2,11.742,2
90623,5356.445864,4963.4288639999995,795,4311.505336,745
90630,15850.973518,13240.898518,2279,11456.828158,2139
90631,23398.39325,16613.82325,2654,12550.303192,2339
90637,128.697,0.0,0,0.0,0
90638,16559.4253876,11414.3023876,1919,9893.1438476,1794
90639,103.374,3.676,1,3.676,1
90640,14558.519044,6311.319044,1290,5603.596044,1233
90650,17665.692750000002,12422.99575,2370,11625.966046,2301
90660,14647.214063,7862.114063,1380,6787.032275,1310
90670,11855.646,2504.82,749,2305.23,732
90680,4151.80338,3534.92038,780,3245.06238,755
90701,3366.341,2330.9519999999998,411,1947.32,379
90702,16.727,16.727,2,6.433,1
90703,21447.2534,12828.7244,2067,10817.2774,1899
90704,149.989,110.877,29,81.35,27
90706,8524.5798,7733.9498,1482,7002.2688,1419
90710,938.858,908.984,166,803.808,158
90712,10635.584765,7746.962765,1321,6477.987765,1240
90713,8178.8792,6949.1882,1250,6322.386,1197
90715,3753.9139999999998,2691.419,503,2468.733,483
90716,2117.3,476.633,104,455.234,103
90717,2057.122384,1960.307384,345,1689.438384,322
90720,14005.039442,9523.399442,1412,7241.814548,1226
90723,6499.9555075,2372.5935075,459,2012.3485075,443
90731,128.004,128.004,27,117.562,26
90732,46.735,46.735,8,36.429,7
90740,7655.4889864,4686.8649864,755,3829.5735064,686
90742,93.268,76.884,12,53.539,10
90743,59.383,59.383,12,59.383,12
90745,8082.616668,5646.768668,1123,5335.854668,1098
90746,9061.473053,6515.105053,1228,6033.692103,1186
90747,1076.294,0.0,0,0.0,0
90748,5.243,5.243,1,5.243,1
90755,3411.255474,1745.064474,392,1520.664474,373
90801,333.70799999999997,10.008,1,0.0,0
90802,5045.682,477.869,102,323.698,97
90803,5191.7709044,4700.1409044,800,3950.8019044,738
90804,1965.466,1536.059,381,1401.461,370
90805,12011.891061,8848.160061,1735,7613.098061,1682
90806,9520.339,3374.447,696,3071.16,670
90807,8913.785087,7590.208087,1301,6370.206087,1203
90808,20376.168832,14957.695832,2548,13184.746,2399
90810,10074.0475717,3985.5535717,746,3334.5975717,720
90813,2708.553,976.657,217,854.918,212
90814,2811.7982102,2417.9392102,447,2049.648,415
90815,16680.2998776,12532.3278776,2071,10354.6395,1910
90822,354.273,0.0,0,0.0,0
90840,25.437,0.0,0,0.0,0
91001,12455.7394364,11849.4904364,1907,9358.7564364,1711
91006,14321.92879,12254.55279,1748,8326.53379,1463
91007,8815.6715,8148.4065,1111,5158.428,886
91008,1203.271,1182.341,105,431.394,67
91010,6479.717,4012.444,710,3439.857,664
91011,11950.02221,11651.91221,1420,6678.60621,1057
91016,10227.0640384,8339.5690384,1340,6553.1130384,1200
91020,479.136,479.136,78,365.844,70
91024,5173.532,4232.301,616,3257.033,540
91030,7256.9831,5800.7861,884,4375.6786,772
91031,10.491,10.491,1,0.0,0
91042,46.637,46.637,5,20.217,3
91066,26.992,26.992,4,26.992,4
91101,25.957,5.357,1,5.357,1
91104,1292.331872,1226.198872,221,1073.981872,208
91106,15.692,15.692,1,0.0,0
91107,3744.5801,3683.2501,476,2088.033,359
91108,4438.284,4223.848,530,2421.065,403
91109,1097.759,0.0,0,0.0,0
91204,22.756,22.756,4,12.403,3
91206,30.55,0.0,0,0.0,0
91214,5542.7382,4924.5332,746,3822.260096,655
91301,16795.772047,14306.658047,1749,8308.639947,1301
91302,18067.925,14316.462,1412,5690.189,827
91304,760.904,760.904,23,102.611,16
91305,83.168,6.763,1,6.763,1
91306,12.045,12.045,1,0.0,0
91307,2481.407,2474.247,232,873.952,122
91308,2.196,2.196,1,2.196,1
91310,28.185000000000002,28.185000000000002,3,2.7,1
91311,3690.809812,2996.699812,388,1644.770812,299
91319,22.111,22.111,2,9.369,1
91320,23236.613334,20157.332056,3102,15923.50934,2766
91321,11930.3645975,10294.9685975,1451,7206.6323,1216
91326,12.452,12.452,2,12.452,2
91328,6.392,6.392,1,6.392,1
91335,7.117,7.117,1,7.117,1
91340,5592.499,3402.439,546,2701.397,511
91341,4.766,4.766,1,4.766,1
91342,458.887,442.532,72,341.867,64
91345,10.821,10.821,1,0.0,0
91350,34177.288974,30249.004974,5440,24399.632527,4966
91351,18660.876723,13006.813723,2083,10732.587795,1894
91352,39.906,39.906,4,20.14,3
91354,20615.7487375,19523.0147375,3450,15702.9812415,3132
91355,21273.310287,11513.059287,1800,9053.242088,1603
91356,9.844,9.844,2,9.844,2
91359,10.299,10.299,1,0.0,0
91360,21882.6773971,18717.7113971,2889,14664.8880545,2564
91361,11823.013197,9721.069197,1082,5031.106632,784
91362,20903.210956,16485.156956,2074,9806.385956,1594
91364,295.546,295.546,33,148.174,22
91365,1.909,1.909,1,1.909,1
91367,58.005,58.005,4,14.178,2
91376,3.048,3.048,1,3.048,1
91377,7345.498,6189.822,814,4235.189,653
91380,20.644,4.057,1,4.057,1
91381,18757.658023,17394.113023,3058,13532.738584,2748
91383,456.435,0.0,0,0.0,0
91384,16840.6105576,15473.2005576,2316,11958.8542676,2050
91386,6.803,6.803,1,6.803,1
91387,24835.6089,21963.7079,3300,15432.122342,2813
91390,17048.875564,16729.622564,2089,10842.483092,1703
91392,10.164,10.164,1,0.0,0
91406,22.058,22.058,4,22.058,4
91411,12.257,12.257,2,12.257,2
91606,3.625,3.625,1,3.625,1
91608,604.328,0.0,0,0.0,0
91701,22338.728752,18201.602752,2597,13589.642336,2228
91702,1700.62,1676.32,290,1477.16,272
91706,14740.8886,7127.2596,1337,6523.6632,1285
91708,13534.325901,10579.685901,2886,10085.468357,2844
91709,37723.763317,30408.922317,4480,22707.134197,3880
91710,42945.5119165,28518.3529165,4593,22119.1514295,4081
91711,19408.9952775,15744.6432775,2312,11364.053225,1974
91714,6.469,6.469,1,6.469,1
91715,695.997,0.0,0,0.0,0
91716,14.158999999999999,14.158999999999999,2,2.877,1
91722,9118.15943,7530.67043,1402,6650.09843,1325
91723,5182.686288,4050.275288,767,3535.183288,725
91724,9918.892809,9578.879809,1394,6900.667809,1180
91729,314.927,138.527,29,93.965,26
91730,31267.696764,13648.866764,2335,11659.288764,2169
91731,4254.541,1821.904,334,1564.953,315
91732,4756.607168,3810.267168,679,3229.385168,631
91733,5086.136,2653.074,618,2421.462,598
91737,19831.012913,14666.778913,1811,8644.957869,1344
91739,28281.18463326,24408.38563326,3315,16164.45881676,2661
91740,8227.233424,6417.527424,1010,5268.475184,918
91741,15028.96192,12240.29192,1837,8257.61596,1540
91744,14993.512912,10891.102912,1909,9503.41276,1801
91745,19597.2828665,14997.6988665,2229,11062.7088665,1979
91746,9558.476544,4223.446544,717,3730.696,674
91747,7.579,7.579,1,7.579,1
91748,18267.247432,10310.598432,1618,7997.756912,1443
91750,19331.791602,13532.676602,2037,9917.323856,1756
91752,24989.5366078,19338.774607800002,3157,13732.190115,2740
91754,6143.75944,4726.95144,773,3723.48844,693
91755,4009.20721,2929.89221,567,2612.77721,542
91756,17.214,17.214,2,17.214,2
91758,113.17399999999999,113.17399999999999,48,113.17399999999999,48
91759,43.416,43.416,7,16.618000000000002,5
91761,47367.675113,28802.029113,6356,25633.985339,6089
91762,30730.936041999998,20149.018042,4104,17407.050178,3908
91763,11541.9175745,6695.8305745,1043,5383.3165815,965
91764,20466.63516,8562.72416,1637,7156.75016,1548
91765,19223.8385405,16129.7545405,2404,11809.1191545,2071
91766,14779.437828,11416.579828,2051,9504.74454,1910
91767,10969.80009,8918.10509,1520,7356.70009,1426
91768,8326.69284,5269.24384,964,4458.10284,897
91769,41.771,39.371,8,24.884999999999998,7
91770,9114.806,5777.969,1103,5232.997,1058
91771,18.059,18.059,3,18.059,3
91772,12.164000000000001,12.164000000000001,2,12.164000000000001,2
91773,16769.636658,11132.274658,1506,7532.566744,1249
91775,5910.3506,5375.5886,862,4379.5486,777
91776,5827.06611,3203.28511,586,2956.78611,565
91778,20.770999999999997,20.770999999999997,4,9.629,3
91780,6678.573,6004.1,1125,5255.314,1060
91784,19105.7873108,17773.2473108,2444,11977.8577428,1996
91785,2.429,2.429,1,2.429,1
91786,16067.244022,11743.733022,2044,9734.505022,1880
91788,61.32,61.32,21,61.32,21
91789,25030.815916,16993.835916,2628,12980.338456,2312
91790,15554.2119242,10430.5359242,1792,8723.7559242,1648
91791,15869.5164338,12523.4884338,1846,8873.359215,1562
91792,5728.1311314,4737.0501314,786,4062.016654,731
91793,56.705999999999996,56.705999999999996,8,29.176000000000002,6
91797,2.509,2.509,1,2.509,1
91801,5646.268,3226.506,670,2927.599,645
91803,4402.957,2578.877,493,2354.729,474
91804,9.722,9.722,3,9.722,3
91901,23284.827,21596.797,2774,14009.988,2219
91902,16937.214,16208.802,2460,12764.699,2189
91905,1952.021,1265.66,168,825.531,146
91906,3250.629,2448.011,393,1882.151,355
91910,35011.68,23664.635,4609,21294.489,4427
91911,32575.389,22688.173,4718,20914.178,4616
91913,38675.475,33257.426,6696,30481.52,6519
91914,18202.312,15121.163,2418,12212.018,2211
91915,19914.364,16211.103,3251,14773.791,3171
91916,1618.498,1536.654,209,1050.255,173
91917,626.968,578.609,64,257.168,43
91931,104.033,81.735,12,51.400999999999996,10
91932,7812.078,4473.117,994,4223.708,974
91934,465.117,257.831,44,211.161,40
91935,14189.615,13321.669,1577,7674.235,1169
91941,27493.813,26502.142,4194,21124.758,3773
91942,22528.001,15566.795,2900,13867.713,2788
91945,12741.736,11756.875,2326,10467.822,2222
91948,22.383,22.383,4,22.383,4
91950,13802.419,8790.288,1726,7436.818,1667
91962,2254.381,1826.372,253,1327.658,216
91963,402.38,344.781,54,263.386,47
91977,33079.135,30775.248,5682,27272.846,5409
91978,7833.188,5700.808,983,4730.9039999999995,912
91980,343.91,22.348000000000003,4,22.348000000000003,4
92003,8486.85,7361.601,916,4225.88,696
92004,9684.34,6331.564,951,4751.998,845
92007,6413.128,6086.64,1084,5338.974,1024
92008,26739.657,15681.677,2452,12136.99,2280
92009,43406.435,37124.013,5808,30129.446,5285
92010,15825.192000000001,10015.097,1728,8494.447,1658
92011,16219.605,13404.751,2353,11777.257,2221
92014,13060.917,11619.759,1647,8060.231,1383
92019,42216.504,35229.297,4940,25628.79,4245
92020,38080.455,27724.075,4316,22102.118,3929
92021,39295.506,35074.918,5264,26189.689,4655
92022,10.0,10.0,1,0.0,0
92023,27.375,27.375,2,0.0,0
92024,45244.289,39951.919,6076,29492.027,5326
92025,33619.206,26361.854,3783,18707.783,3301
92026,43378.13,37534.625,6067,29651.561,5547
92027,38142.732,32772.804,5352,26849.755,4998
92028,62433.169,52786.68,7995,37931.467,6966
92029,29235.477,23896.23,3530,17594.466,3094
92036,4506.647,3259.04,514,2440.7309999999998,452
92037,32889.541,25086.255,3312,15529.525,2659
92040,41145.76,37196.712,5385,27521.81,4728
92054,15467.841,12129.948,2297,10721.65,2202
92055,6938.494999999999,164.691,22,95.82,16
92056,36846.141,25961.781,5339,24227.157,5210
92057,34300.727,29617.342,5762,27197.353,5564
92058,18756.747,15871.777,2694,11911.677,2535
92059,2663.406,1341.332,172,803.976,133
92060,151.191,127.211,21,80.319,18
92061,4416.787,3027.303,384,1883.241,310
92064,66590.995,54806.256,7488,37040.625,6349
92065,52109.23,47473.24,6124,31209.4,4944
92066,255.178,242.462,32,142.83599999999998,25
92067,27268.25,25640.13,1870,5107.422,706
92069,36174.012,27365.146,4746,21661.087,4444
92070,676.502,644.005,90,412.281,75
92071,49504.89,38936.561,7014,34311.435,6753
92074,169.605,24.954,3,24.954,3
92075,9171.287,7579.735,1179,6027.926,1060
92078,40085.005,33930.714,5759,27641.21,5409
92081,29928.734,14683.174,2705,12396.366,2565
92082,34907.439,29083.418,3846,18729.071,3116
92083,15475.28,12711.519,2347,11126.881,2249
92084,36172.653,30166.663,4626,22986.371,4083
92086,1146.055,903.313,132,595.344,112
92088,3.478,3.478,1,3.478,1
92091,2725.56,2673.055,262,982.84,160
92096,8.882,0.0,0,0.0,0
92101,8528.289999999999,660.667,75,273.423,62
92102,12780.166,7988.515,1639,6661.219,1587
92103,11526.941,9176.393,1613,7615.173,1503
92104,11268.141,10245.717,2151,9419.659,2106
92105,16268.878,12084.075,2413,10182.842,2323
92106,15496.792,12232.586,1999,9903.342,1820
92107,10145.001,9564.96,1778,8467.455,1698
92108,12702.475,2795.792,336,1067.768,305
92109,14219.102,12040.768,2400,10033.428,2286
92110,15746.025,7973.386,1448,6978.191,1379
92111,25877.404,15376.017,3002,13875.297,2923
92113,11475.508,6458.546,1300,5373.273,1240
92114,30453.623,28080.096,5753,25982.901,5594
92115,21797.978,17649.428,3380,15273.44,3231
92116,9378.089,8745.285,1818,8110.549,1770
92117,28293.727,26384.711,5213,24286.4,5041
92118,11430.849,7771.389,1325,6335.501,1220
92119,17629.261,16998.688,3090,15856.414,2991
92120,25767.485,22108.493,3967,19211.403,3754
92121,23759.261,3148.685,365,1844.475,342
92122,14731.566,11481.994,2044,10141.376,1966
92123,30610.989,14097.142,2404,10919.515,2222
92124,15574.676,11870.28,2186,10914.063,2107
92126,37487.176,29046.516,6370,27571.689,6262
92127,55908.155,45118.339,7183,34231.714,6417
92128,32369.273,28014.023,5369,25312.38,5184
92129,38386.54,35257.644,6887,32972.594,6720
92130,53945.571,43894.147,7000,34885.791,6339
92131,38899.004,31067.199,5061,26193.05,4690
92132,67.327,67.327,1,0.0,0
92136,2071.6279999999997,1185.3449999999998,2,0.0,0
92139,14667.217,13289.838,2716,12085.406,2637
92145,478.128,458.252,99,399.13599999999997,94
92154,50394.191,26147.032,5330,22125.379,5201
92158,3921.678,0.0,0,0.0,0
92160,10.131,10.131,1,0.0,0
92173,9742.188,4730.413,773,3182.978,730
92179,2714.931,0.0,0,0.0,0
92201,19.916,19.916,2,4.23,1
92210,24168.826788,22107.815788,1801,5516.0256,748
92211,34480.945552,28554.486552,3595,16198.343859999999,2644
92220,1645.254,1004.181,122,547.759,89
92222,20.175,20.175,2,7.674,1
92223,55687.94542916,46084.68042916,9061,40342.59449116,8589
92225,19935.476,8724.311,1170,6246.537,972
92226,32.063,27.962,4,17.058,3
92227,14.558,14.558,2,14.558,2
92230,4368.0501,688.7011,104,512.3481,89
92231,10.001,10.001,1,0.0,0
92232,7.339,7.339,1,7.339,1
92233,24.082,24.082,4,24.082,4
92234,55974.637445,47302.187445,6044,31164.706284,4763
92235,24.903,24.903,4,13.145,3
92236,136.81,136.81,26,124.07000000000001,25
92239,245.056,134.186,20,93.028,17
92240,30688.955427,25269.870427,3872,19965.677635,3471
92241,4578.381,3149.612,250,1155.045,200
92242,3.638,3.638,1,3.638,1
92251,6.528,6.528,1,6.528,1
92252,8102.77233,7125.14133,1147,5520.8626,1023
92253,21.234,21.234,3,21.234,3
92255,24.29,24.29,2,8.38,1
92256,2403.168389,2319.568389,343,1672.134338,291
92257,32.156,32.156,5,32.156,5
92258,99.773,99.773,12,57.318999999999996,9
92260,45603.153489,40007.524489,4388,19074.497129,2989
92262,49043.2776254,42620.9216254,5177,24457.916701,3815
92263,32.074,32.074,5,21.777,4
92264,35578.844876,28581.702876,3225,13943.73516,2164
92266,206.103,165.687,25,141.387,23
92267,175.364,23.197,5,23.197,5
92268,526.575,519.188,83,370.008,72
92270,55822.249265,52197.827265,5145,19347.68254,3028
92277,14710.572668,12042.958668,1818,9298.509055,1611
92280,30.097,30.097,5,19.357,4
92281,9.799,9.799,2,9.799,2
92282,844.5889999999999,754.512,112,568.071,98
92283,12.631,12.631,2,12.631,2
92284,21138.4651865,19194.6501865,2891,14486.839775,2510
92285,1287.469,1173.276,188,905.657,165
92286,46.239,46.239,12,46.239,12
92292,23.404,23.404,3,23.404,3
92301,21627.9731692,14533.7581692,2734,12645.1029992,2595
92305,48.871,48.871,7,31.798,6
92307,33657.39317,31443.61517,4419,22435.834724,3741
92308,30121.905137222224,26657.48313722222,3891,19365.305635222223,3341
92309,922.961,87.94800000000001,10,12.690999999999999,5
92310,36.846000000000004,15.946000000000002,3,15.946000000000002,3
92311,19342.41937704,12460.18797704,1975,10038.90387184,1828
92312,18.972,18.972,3,18.972,3
92313,7601.390538,5715.193538,840,4467.735108,745
92314,4.9,4.9,1,4.9,1
92315,24.059,24.059,2,0.0,0
92316,9177.4376,6285.9016,1016,4954.2166,907
92317,8.497,8.497,2,8.497,2
92318,218.868,208.168,64,208.168,64
92320,9836.76216,9283.96316,1694,7377.799476,1582
92321,42.561,42.561,7,42.561,7
92322,92.286,92.286,16,92.286,16
92323,4.43,4.43,1,4.43,1
92324,2797.594054,2103.626054,268,1313.500054,211
92325,769.511,769.511,129,625.318,117
92326,2.647,2.647,1,2.647,1
92327,231.53400000000002,231.53400000000002,15,67.282,12
92328,2097.763,96.214,29,96.214,29
92329,12.318000000000001,12.318000000000001,2,12.318000000000001,2
92331,5.155,5.155,1,5.155,1
92332,17.597,17.597,3,17.597,3
92333,3.964,3.964,1,3.964,1
92334,53.862,53.862,9,53.862,9
92335,35990.608984273,17026.1430806,2963,14514.9239856,2754
92336,75335.31136818,63416.32836818,11857,53521.4165005,11118
92337,24928.7206,11804.4156,1982,10214.7622,1849
92338,10.267,10.267,1,0.0,0
92339,121.507,121.507,20,95.759,18
92340,237.54899999999998,113.493,28,113.493,28
92341,45.161,45.161,9,34.35,8
92342,6925.273698,6395.921698,988,5251.018458,893
92344,14925.900909,13085.178909,1996,9926.967371,1760
92345,49450.5980212,40440.5690212,6275,31703.4953064,5648
92346,30044.572310300002,26521.1233103,4038,20557.1472411,3559
92347,975.653,210.137,28,147.74200000000002,23
92350,66.036,66.036,5,15.704999999999998,4
92352,1337.536,1337.536,211,1044.184,187
92354,9503.80343185,7934.62043185,1291,6236.60308685,1157
92356,3662.76547,2812.96647,405,1917.23047,343
92357,480.094736,198.194736,51,169.068,50
92358,350.608,239.65200000000002,38,177.857,33
92359,3947.7146355,3872.4906355,569,2875.4476355,497
92363,757.048,544.618,119,510.485,116
92364,360.13800000000003,34.7,3,5.4,1
92365,1731.6986,1247.0346,171,882.0116,147
92366,29.099,29.099,4,18.084,3
92368,281.16610000000003,270.9891,37,180.6531,30
92369,11.675,11.675,1,0.0,0
92371,12137.0959074,10722.4099074,1535,7634.28049,1308
92372,3257.2054,3076.6784000000002,440,2207.1374,373
92373,23807.2224679,17956.4014679,2383,11180.3001204,1866
92374,26952.5079515,19960.0049515,3297,15707.2908345,2987
92375,23.122,23.122,3,8.257,2
92376,47732.490665,22470.042665,3827,19179.744885,3557
92377,18603.260995,13382.098995,2342,11212.73923,2163
92378,101.693,13.190999999999999,3,13.190999999999999,3
92382,503.62,488.292,76,376.007,68
92384,16.3,0.0,0,0.0,0
92385,36.295,15.317,3,15.317,3
92386,3.808,3.808,1,3.808,1
92389,13.643,13.643,2,13.643,2
92391,270.779,249.12800000000001,37,176.781,31
92392,46221.411772,40426.823772,6975,34486.010252,6525
92393,112.91199999999999,13.677,3,13.677,3
92394,18981.94698,18126.81998,3215,15640.934004,3010
92395,19156.46255,14145.27335,2590,12343.43439,2440
92397,902.558,900.558,141,743.042,131
92398,925.5559999999999,588.657,93,460.504,82
92399,31765.4187944,29764.7517944,4353,21891.56551,3754
92401,498.059,84.637,15,84.637,15
92402,18.538,18.538,3,18.538,3
92404,20786.6828885,17172.9448885,2592,13258.7886885,2282
92405,8351.0548525,6029.5708525,1027,5057.219057,948
92406,8.019,0.0,0,0.0,0
92407,31819.1915879,27058.4115879,4821,21926.5159934,4407
92408,19931.078903999998,2705.071904,491,2341.968904,462
92410,13817.630978,6516.755978,1047,4918.1369779999995,989
92411,6252.1032,4522.6182,914,4114.7572,881
92415,368.707,67.547,10,52.756,9
92418,7.621,6.876,1,6.876,1
92423,12.633,12.633,1,0.0,0
92501,916.758,803.592,152,668.883,142
92503,18081.81856,17721.46256,2565,12382.20302,2162
92504,9905.098322,8987.582322,1029,4636.492,707
92505,76.221,76.221,13,48.711,11
92506,1110.8,1110.8,137,599.772,97
92507,10682.6486752,10656.2456752,2615,9721.7166752,2539
92508,4716.61836,4205.86036,534,2699.62866,419
92509,36621.512703,30398.543703,5018,23801.158818,4512
92514,144.54,144.54,33,144.54,33
92517,777.664,2.564,1,2.564,1
92518,18682.31,0.0,0,0.0,0
92530,37131.657878636,31035.748878636,5616,25745.121759436,5188
92531,437.586,437.586,88,437.586,88
92532,24627.610385,22083.077385,3855,18052.078832,3523
92536,424.945,400.187,53,274.362,43
92539,13.943,13.943,2,13.943,2
92543,15956.222764,13485.520764,2351,10633.817876,2216
92544,26078.407993,25114.348993,3612,18513.41378,3122
92545,29425.59784,22705.77484,4091,19779.056252,3872
92546,23.795,23.795,3,23.795,3
92548,4801.186914,4773.253914,948,4173.962914,902
92549,1209.153,997.185,174,821.993,160
92551,18520.639353,10307.637353,1761,9122.528233,1663
92552,60.6725,60.6725,14,60.6725,14
92553,24134.213015,17381.638015,3014,15353.897534,2843
92555,17696.4682945,15335.6222945,2228,11608.0160338,1935
92556,12.63,12.63,2,12.63,2
92557,25397.114869600002,23634.7658696,3845,19762.9316816,3538
92561,394.622,165.007,18,77.635,12
92562,58990.9000585,50015.5860585,6863,33631.6818305,5658
92563,57828.7266088,53671.4513088,9059,42997.0101858,8181
92564,9.417,9.417,1,9.417,1
92567,6616.7884,5662.5844,876,4401.293,774
92570,31705.9822252,19628.4712252,3219,14934.2467352,2856
92571,33243.664274,23867.002274,4182,20988.433966,3947
92581,1051.904,53.974000000000004,6,26.366,4
92582,19384.015753,13987.103753,2484,11487.379555,2279
92583,21118.077019,14628.402519,2519,12387.696361,2381
92584,70115.5597214,63245.4137214,11476,51554.5823204,10561
92585,26401.886745,24783.764745,4488,20351.5503,4131
92586,16386.305722,15170.274722,2782,13370.529588,2633
92587,23187.46006176,22222.49006176,2603,12366.18618976,1833
92589,14.674000000000001,14.674000000000001,2,14.674000000000001,2
92590,7986.6602,3523.4302000000002,354,1312.0072,211
92591,33966.378856,27616.500856,4949,21598.478151,4473
92592,63459.8780706,55485.7160706,8283,39384.116328,7074
92593,33.349000000000004,33.349000000000004,6,33.349000000000004,6
92595,27517.006402,25543.551402,4051,19674.565212,3585
92596,42882.1523285,40508.5703285,7727,34062.8423815,7239
92599,4.38,4.38,1,4.38,1
92602,15233.3097,12330.7307,2144,9857.1881,1946
92603,6331.62826,5523.86226,736,3534.911,594
92604,6633.65506,5013.53306,850,4457.43006,803
92606,5484.698,3195.898,547,2797.635,513
92610,7346.152,5060.934,806,4179.35,729
92612,4750.525,1793.367,314,1549.819,293
92614,4733.44,2411.567,435,2141.56,411
92616,35.998000000000005,35.998000000000005,4,21.322000000000003,3
92617,4200.793,2147.258,488,2101.153,484
92618,42582.277824,26780.654824,6766,23764.643144,6536
92620,19093.636254,15450.520254,2838,13429.038254,2673
92623,145.119,145.119,59,145.119,59
92624,2520.162,2309.003,387,1972.523,360
92625,4623.517488,4219.380488,528,2207.188488,395
92626,18957.599644,10596.732644,1711,8908.446644,1568
92627,7932.5634,6010.9444,1133,5085.6034,1059
92628,5.92,5.92,1,5.92,1
92629,9798.747,8414.025,1240,6112.904,1074
92630,32320.2964776,24686.2674776,4355,21060.3075856,4059
92637,1941.747,926.731,171,853.73,167
92646,17890.163584,16322.014584,2811,13818.762464,2600
92647,15333.2232028,11013.1712028,1828,8959.5436598,1707
92648,11541.038,8517.118,1063,5051.845,897
92649,11385.76856,8729.86456,1257,6206.6028,1090
92651,7549.6693000000005,7291.9813,1071,5191.5533,912
92652,28.834,28.834,4,28.834,4
92653,20828.81032,17931.53032,2329,11689.314,1872
92655,971.559,875.541,145,760.461,135
92656,12446.76466,9345.34466,1504,7871.106444,1389
92657,3243.107,3189.646,348,1574.016,241
92658,16.692,16.692,2,16.692,2
92659,6.406,6.406,1,6.406,1
92660,11052.120111,8102.909111,1011,4673.602599,760
92661,588.875,581.557,106,467.469,98
92662,307.029,296.912,63,285.905,62
92663,3553.182,2808.92,439,1986.213,373
92672,15665.261,13251.834,2224,10871.258,2056
92673,26846.389,22808.666,3297,17407.275,2910
92675,25373.362,19965.632,2842,13434.23,2390
92676,1391.854,1299.541,172,751.639,129
92677,28896.801,25639.779,3933,21001.142,3564
92678,319.444,311.417,38,174.344,26
92679,28810.55318,28755.39618,3627,18040.77348,2796
92683,23003.878595,15809.992595,2809,13654.273595,2630
92684,6.419,6.419,1,6.419,1
92688,20387.355829,13375.012829,2180,11702.443853,2038
92691,27857.037428,21792.829428,3394,18173.570204,3109
92692,22455.676714,20634.036714,3287,17087.621714,3016
92694,27362.275,25688.617,4677,20569.802,4265
92701,6340.9556,2402.3546,540,2234.2606,527
92702,28.921999999999997,28.921999999999997,13,28.921999999999997,13
92703,5971.389488,3656.004488,685,3062.859488,648
92704,12499.315082,7300.078082,1398,6466.5724,1329
92705,30592.8653,21984.4633,2654,12992.1829,2022
92706,7548.702282,5799.615282,957,4671.8638,868
92707,7534.976,4421.57,846,4094.297,819
92708,19883.092032,16379.857032,2702,13776.493027,2488
92709,61.647,61.647,28,61.647,28
92711,7.567,7.567,1,7.567,1
92780,15450.103036,8960.052036,1395,7382.271276,1282
92782,11419.65252,9134.57452,1551,7147.12132,1397
92801,393.66600000000005,393.66600000000005,3,8.196,2
92802,28.426,28.426,4,14.73,3
92804,2910.108229,2473.181229,421,2073.541229,389
92805,8.195,8.195,1,8.195,1
92806,229.521,27.939999999999998,6,27.939999999999998,6
92807,182.443,182.443,30,148.989,27
92808,23.722,23.722,5,12.854,4
92821,20153.9185385,13138.7295385,1973,10023.4045385,1778
92823,2998.31669,2427.99469,363,1854.01569,317
92831,15040.2982,7375.3162,1096,5487.9052,948
92832,7181.926785,3396.587785,634,2994.378985,599
92833,16610.395706,11626.581706,1834,9341.05621,1672
92835,13676.881934,12222.832934,1636,8343.002934,1335
92840,11342.708628,8668.869628,1509,7402.369058,1406
92841,10004.315476,7123.295476,1108,5304.104576,993
92842,1.786,1.786,1,1.786,1
92843,6587.2007,5042.1897,914,4329.7117,854
92844,2942.713,2530.354,440,2077.085,404
92845,4800.901144,4751.930144,820,4222.313144,775
92850,8.337,8.337,1,8.337,1
92857,15.463,15.463,2,4.273,1
92860,21585.9636062,18120.5136062,2181,10349.7977162,1600
92861,6586.5671489999995,6322.121149,654,2636.477611,390
92863,257.624,40.895,5,13.828,3
92865,7658.722823,5780.459823,920,4808.933,841
92866,2026.087,1809.901,301,1470.027,272
92867,19408.24648,15914.99448,2276,11508.470388,1934
92868,4203.4458464,2035.5098464,405,1812.955,387
92869,16342.604004,14887.265004,1984,9891.841562,1620
92870,19429.9811712,17893.4621712,2881,14593.5070472,2652
92871,5.139,5.139,1,5.139,1
92877,100.925,100.925,28,100.925,28
92878,3284.9952072,2010.2912072,302,1509.7482072,261
92879,21295.6468538,12632.2428538,1965,10181.9520038,1768
92880,54692.065641955,44975.909641955,7149,34120.638743955,6322
92881,28385.0035,22571.9705,2819,13931.342621,2164
92882,31502.1557668,26949.0857668,3852,19963.963703,3292
92883,31625.38921,30274.79221,5317,23720.969159,4793
92885,26.363,26.363,5,14.328,4
92886,31559.708434,30402.100434,3880,18860.979617,3026
92887,13562.941649,11945.639649,1516,7433.028364,1174
93001,7857.172424,4411.699424,900,3948.280424,863
93003,16268.27342144,11358.23742144,2218,10278.45142144,2135
93004,9597.2359,8128.2679,1738,7703.4469,1702
93009,989.8,0.0,0,0.0,0
93010,19907.46646,17316.37546,3028,14211.91946,2790
93012,21686.073184,14688.949184,2339,10745.1686,2060
93013,4385.5225,2752.6415,490,2226.3975,458
93014,222.354,5.717,1,5.717,1
93015,7106.6150558,6737.4520557999995,1408,5944.5370557999995,1349
93020,4.458,4.458,1,4.458,1
93021,23978.3025535,14788.0305535,2254,10834.570092,1954
93022,2215.215444,2199.960444,365,1870.870444,340
93023,12970.5700868,10740.0392568,1644,7776.2837,1440
93024,1.6,1.6,1,1.6,1
93030,16999.850624,5494.5466240000005,1048,4393.326624,1019
93033,8841.804676,4906.467676,1112,4795.770676,1102
93035,2998.536963,2994.932963,625,2863.324963,615
93036,11704.6628245,5560.7588245,1172,5289.3651245,1148
93040,1452.891,1135.212,272,1108.995,270
93041,1232.926,1089.788,242,1035.452,237
93042,820.92,0.0,0,0.0,0
93043,609.029,0.0,0,0.0,0
93060,9235.6031,5727.7461,1299,4965.2971,1256
93062,66.675,66.675,12,52.067,11
93063,31902.3725168,26780.9755168,3989,21330.65549,3549
93064,94.633,12.033,2,12.033,2
93065,45061.1263592,36232.7193592,5629,27346.982742,4918
93066,2071.366702,1762.272702,213,971.585157,164
93067,257.137,248.437,42,205.434,39
93101,3902.474499,1905.943499,423,1738.795499,413
93102,20.47,20.47,3,20.47,3
93103,4700.108,3132.571,653,2705.274,622
93105,8763.9174064,7196.9224064,1329,6125.4024064000005,1260
93106,527.0,0.0,0,0.0,0
93108,6216.6422,5916.3352,779,3311.1212,610
93109,3982.173,3607.686,733,3110.58,695
93110,6536.14692,4364.38392,729,3322.82292,655
93111,6810.2693,6266.4643,1124,5354.7683,1059
93117,12410.03262,7580.35862,1794,6945.25462,1751
93130,12.671,12.671,2,12.671,2
93150,3.0,3.0,1,3.0,1
93201,1683.024,245.695,33,190.168,29
93202,2660.93056,1965.78956,364,1728.29956,344
93203,21418.118,6457.714,1053,5452.698,995
93204,3528.494,3029.424,510,2701.563,484
93205,586.27,586.27,95,457.681,85
93206,25361.8,696.49,83,396.852,62
93207,64.989,64.989,10,38.977,8
93208,14.761,14.761,3,14.761,3
93210,37444.664,8379.004,1207,6199.09,1041
93212,16780.783,5845.451,896,4523.406,795
93215,42195.345494,16942.946494,2629,13331.706548,2401
93216,1218.318,221.009,53,221.009,53
93218,2294.0954,400.5354,55,268.02639999999997,47
93219,11271.17932,1581.69632,275,1379.06432,258
93220,9.93,9.93,2,9.93,2
93221,15568.494803,11359.401803,1396,6591.451536,1049
93222,669.267,669.267,105,510.88,93
93223,4439.974659,3365.728659,616,2931.279456,579
93224,1156.762,157.216,21,112.465,18
93225,1832.680055,1462.635055,228,1044.836055,194
93226,204.15,198.65,24,119.95100000000001,18
93227,1915.50111,1410.30511,330,1266.92311,319
93230,136548.7816283,52411.3976283,7442,37065.059139,6313
93232,80.339,80.339,23,80.339,23
93234,14284.001,1029.978,192,909.173,182
93235,1511.214,1251.452,210,1019.504,192
93238,696.318,667.184,101,519.186,89
93239,10808.432999999999,168.649,28,168.649,28
93240,3404.766131,2958.018131,440,2239.141131,383
93241,7277.662,2304.313,370,1807.699,330
93242,9715.541,1443.966,164,787.414,122
93243,2228.918,261.558,42,199.555,37
93244,720.759,683.56,58,236.627,37
93245,51670.372,27313.137,3720,18398.51,3042
93246,8.452,8.452,2,8.452,2
93247,11808.935845,7379.3488449999995,1052,4728.637768,915
93249,37320.554000000004,601.162,114,494.731,105
93250,15999.182999999999,6069.813,1010,5226.862,948
93251,967.3299999999999,48.751000000000005,6,37.185,5
93252,3453.619,480.201,61,282.198,47
93254,913.522,195.677,38,139.394,34
93255,152.857,134.05,19,93.774,16
93256,17830.626,1270.746,192,896.416,164
93257,66234.7586933,36532.4946933,5356,26276.959867,4562
93258,19.72686,19.72686,3,19.72686,3
93260,98.367,98.367,11,34.908,6
93261,2854.8509999999997,326.592,64,294.256,61
93262,375.771,0.0,0,0.0,0
93263,60743.385,17788.075,3145,14372.41,2876
93265,3747.9564,3585.9634,418,1820.3294,287
93266,5558.353,488.354,80,393.927,72
93267,5703.666372,2105.397372,277,1320.950372,220
93268,14854.553,9427.233,1299,6988.674,1102
93270,5817.225464,1884.991464,244,1122.817,188
93271,1945.693,1732.96,226,1051.195,179
93272,32355.66045,565.78045,94,449.733,85
93274,109640.20124098,48810.91324098,7266,35359.4247805,6271
93275,1741.9209999999998,73.547,12,61.788000000000004,11
93276,1467.223,22.971,4,22.971,4
93277,54871.605459,36580.447459,4794,24057.418065,3807
93280,61166.447,11254.083,1729,9008.519,1561
93282,1175.7459999999999,14.071,2,14.071,2
93283,1289.569,478.342,83,402.58,77
93285,836.258,756.853,133,632.565,123
93286,7419.03072,5078.35272,788,3610.501,677
93287,90.58,90.58,10,23.298000000000002,5
93290,61.102000000000004,35.692,6,25.041,5
93291,92236.7030246,50077.1430246,7262,33745.432384,6016
93292,39534.0419926,33813.7749926,4775,23177.434612,3974
93301,15216.243,5884.466,886,4163.936,766
93303,1125.769,135.473,16,78.917,11
93304,26965.176,17935.439,2744,14751.695,2479
93305,14971.532,10065.082,1482,7773.765,1300
93306,66804.262,56445.913,7819,39587.396,6472
93307,62813.234,32692.815,5183,26675.262,4737
93308,57768.226,38202.358,4932,25572.309,3948
93309,51932.664,40417.724,5186,26905.612,4127
93311,103849.954,69038.143,9599,46490.217,7865
93312,85794.149,80056.078,9854,51091.966,7537
93313,72153.109,57239.682,8511,44892.997,7507
93314,72747.83,62074.78,7343,33499.63,5314
93390,26.567,26.567,3,15.396,2
93401,24876.682,13114.532,2706,10687.704,2547
93402,6501.705,6154.084,1309,5538.746,1259
93405,7986.095,6463.188,1407,5365.874,1340
93407,58.522,50.53,6,50.53,6
93420,20665.386,16311.039,2719,12231.159,2419
93421,20.813000000000002,20.813000000000002,3,7.606,2
93422,22537.88,19851.054,3075,14918.337,2730
93424,400.759,391.887,73,370.834,71
93426,1257.337,1011.264,129,575.434,100
93427,3982.438,2356.011,528,1995.006,504
93428,2532.75,1945.509,396,1711.062,378
93429,25.824,25.824,4,25.824,4
93430,2515.522,1236.162,249,1092.927,239
93432,2444.536,1812.927,217,994.703,160
93433,2498.351,2366.595,578,2298.448,572
93434,3792.052,1704.423,459,1484.403,452
93435,75.03,66.366,5,15.154,2
93436,7457.087,4345.759,893,3883.456,856
93440,1413.488,897.421,157,619.902,146
93441,1121.749,915.564,116,516.576,90
93442,3886.263,2509.808,525,2161.776,501
93444,14741.926,13046.892,2751,11289.377,2622
93445,1722.54,1148.903,280,1098.786,276
93446,62910.152,33142.107,4980,23918.603,4376
93447,22.543,22.543,4,22.543,4
93449,4418.875,2753.282,514,2282.659,494
93450,226.147,53.094,10,53.094,10
93451,7329.3,3698.104,602,2658.407,526
93452,656.476,27.525,3,5.801,2
93453,2512.141,1642.086,253,1178.512,220
93454,22752.756,6766.76,1509,5963.187,1455
93455,22824.361,15627.939,3354,14188.847,3257
93456,30.13,0.0,0,0.0,0
93458,14637.389,5690.326,1631,5644.585,1627
93460,6173.414,4886.161,551,2331.62,410
93461,1501.206,1081.764,168,789.192,146
93463,5306.471,4266.248,604,2873.842,518
93464,12.918,12.918,2,12.918,2
93465,10748.909,8747.241,1247,5856.926,1033
93501,1874.952,1169.663,191,956.092,173
93504,3.211,3.211,1,3.211,1
93505,9562.8657625,8065.5447625,1375,6689.48542,1259
93510,7071.0702,5995.1152,757,3853.6122,598
93512,109.375,109.375,31,109.375,31
93513,219.791,219.791,35,173.731,31
93514,6132.668,4696.516,870,4050.54,822
93515,9.006,9.006,1,9.006,1
93516,1508.931,750.55,115,617.0,111
93517,598.021,88.951,19,88.951,19
93518,501.424,501.424,68,293.45,53
93519,266.856,44.321,5,9.892,2
93523,3934.295,518.958,86,418.799,79
93526,31.591,31.591,3,18.503,2
93527,2164.0018,1594.123,225,1159.71,192
93528,7.6240000000000006,7.6240000000000006,2,7.6240000000000006,2
93529,98.523,98.523,18,84.323,17
93530,14.859,7.859,2,7.859,2
93531,486.298,483.798,53,173.783,30
93532,1248.403315,896.246315,127,613.420315,107
93534,22880.4348325,12802.6589605,2253,10787.0551155,2091
93535,41139.199818,30322.596818,5429,25742.440818,5078
93536,64091.5063257,52181.4763257,8335,40181.6789,7390
93539,10.69,10.69,2,10.69,2
93541,198.266,74.264,22,74.264,22
93542,8.175,8.175,1,8.175,1
93543,7396.617895,4728.169895,761,3752.518895,688
93544,666.122,666.122,91,484.125,77
93546,2036.484,1055.44,158,729.388,134
93550,24698.9124346,18563.4134346,3318,16462.392552,3143
93551,49614.1608086,40429.8268086,6087,30593.2899,5317
93552,23074.2927397,18232.3637397,3234,15990.8974217,3047
93553,1025.049,889.249,130,703.067,115
93554,19.599,19.599,3,19.599,3
93555,30149.0614,24954.2914,3985,21609.0424,3729
93556,22.332,22.332,3,22.332,3
93558,14.607,14.607,2,14.607,2
93560,14101.096774,12645.860774,2289,10851.185604,2159
93561,19296.6340285,15036.1740285,2489,12145.114291,2259
93562,461.771,461.771,77,433.964,75
93563,20.278,20.278,3,20.278,3
93584,5.682,5.682,1,5.682,1
93586,35.117999999999995,6.718,2,6.718,2
93590,6.096,6.096,1,6.096,1
93591,4440.971555,2859.671555,484,2382.692555,445
93592,8.907,8.907,1,8.907,1
93601,1555.6490000000001,1385.736,184,883.84,146
93602,2765.147,2153.194,266,1300.741,200
93603,56.083,56.083,8,44.746,7
93604,562.031,467.99399999999997,62,323.394,51
93605,27.787,27.787,5,27.787,5
93606,532.25,263.739,39,179.992,32
93607,3077.184,29.375999999999998,3,17.398,2
93608,4611.586,94.04299999999999,18,94.04299999999999,18
93609,16999.009,2748.065,311,1464.937,227
93610,64656.239,11191.858,1490,7222.589,1194
93611,70985.688,59769.3,7700,40008.04,6127
93612,36378.947,19809.56,2875,14919.261,2473
93613,8.873,8.873,2,8.873,2
93614,13721.049,13075.313,1618,8042.147,1236
93615,3210.776,956.857,135,672.702,113
93616,8951.36,953.676,112,465.043,78
93618,29808.373,15232.557,2338,11130.621,2033
93619,86101.417,80501.32,10934,51226.762,8826
93620,14503.779,5018.894,657,3281.422,538
93621,221.09799999999998,165.118,21,123.77,20
93622,30641.901,4150.961,693,3393.26,636
93624,7402.452,43.434000000000005,4,4.02,1
93625,18958.238,7744.465,1186,5779.883,1035
93626,3911.237,3748.829,455,2104.618,333
93627,6286.517,4.072,1,4.072,1
93630,32429.427,11578.473,1745,8585.942,1535
93631,36836.824,16522.164,2062,9922.432999999999,1611
93634,12.22,4.73,1,4.73,1
93635,49687.143000000004,30045.381,4852,24414.795,4392
93636,38930.889,34451.921,5528,23702.437,4723
93637,94771.85,23867.47,3526,18129.433,3086
93638,38608.66,21272.554,3113,14702.845,2605
93639,403.869,403.869,89,321.275,84
93640,9302.741,2933.09,504,2599.454,476
93641,132.083,132.083,19,108.115,17
93643,2253.223,1866.442,264,1281.956,222
93644,7384.896,5646.805,710,3283.968,531
93645,762.223,312.447,41,157.502,28
93646,8878.08,3197.969,455,2102.424,380
93647,4804.536,2691.208,418,1950.445,360
93648,17369.496,4709.224,757,3874.6440000000002,690
93650,1851.218,747.932,122,650.319,114
93651,2783.455,2340.41,229,978.341,147
93652,1428.79,62.546,7,22.712,4
93653,1461.868,1086.078,130,570.398,92
93654,42684.587,18059.991,2543,12316.804,2114
93656,16253.102,2536.233,333,1548.938,259
93657,42581.679,27630.61,3592,17389.786,2836
93660,4011.9030000000002,1112.408,230,930.522,217
93661,20.219,20.219,5,20.219,5
93662,31427.416,15725.863,2193,11286.838,1861
93664,271.445,268.145,39,187.965,33
93665,143.98,143.98,20,84.337,15
93666,489.40099999999995,50.667,8,40.586,7
93667,1234.983,1212.691,154,775.939,120
93668,895.396,440.342,49,199.72899999999998,31
93669,71.389,71.389,11,71.389,11
93670,33.885999999999996,33.885999999999996,5,22.070999999999998,4
93673,2557.867,178.812,31,156.874,29
93675,2270.886,2122.239,260,1314.263,201
93701,2351.58,1205.496,204,929.227,183
93702,16884.719,7613.635,1180,6175.549,1061
93703,16162.476,8507.863,1284,6850.849,1146
93704,24434.399,19346.169,2759,13167.0,2280
93705,16212.204,13832.038,1996,10629.863,1738
93706,40345.041,11175.389,1645,7444.432,1379
93710,24553.141,17888.45,2389,12934.998,1986
93711,51078.045,45288.397,5173,23497.018,3570
93714,11.952,11.952,1,0.0,0
93720,62672.574,44305.998,5698,29713.652,4533
93721,11266.216,481.988,96,330.109,88
93722,68433.062,53342.623,7751,40680.24,6714
93723,16951.7,16728.368,2613,11956.841,2259
93724,488.673,473.317,125,433.149,122
93725,40267.03,10213.608,1437,7232.982,1221
93726,20013.24,16057.623,2256,11906.593,1919
93727,89011.759,70177.013,11138,52827.816,9837
93728,5586.691,4511.336,700,3638.539,628
93730,22549.808,21573.71,3114,13728.739,2525
93737,9252.182,9047.116,1214,5969.855,989
93744,366.174,0.0,0,0.0,0
93760,24.125,0.0,0,0.0,0
93776,4.903,4.903,1,4.903,1
93793,91.023,91.023,20,91.023,20
93901,16486.664,3351.7,728,3026.177,703
93905,10521.762,5622.486,1378,5170.919,1347
93906,13264.614,7914.915,1798,7464.119,1764
93907,9056.437,6704.71,1110,5091.027,1005
93908,12695.362,6583.831,965,4757.089,832
93915,528.886,0.0,0,0.0,0
93920,454.865,156.831,24,100.284,20
93921,811.033,341.615,70,308.645,67
93922,10.983,10.983,2,10.983,2
93923,7007.86,6084.802,824,3764.967,692
93924,4672.747,4127.67,556,2548.513,448
93925,691.6999999999999,319.511,55,236.282,48
93926,10432.825,1827.667,473,1738.316,466
93927,7999.892,4198.814,1052,3778.37,1036
93928,9473.123,4.067,1,4.067,1
93930,7870.464,3952.349,934,3517.424,900
93932,680.722,591.816,67,316.712,50
93933,10659.392,6587.866,1511,6038.801,1478
93940,12554.665,5476.831,991,4460.849,919
93950,2472.058,2241.483,475,2083.51,462
93953,1906.969,1654.306,220,1006.745,173
93954,470.549,44.261,6,28.698,5
93955,8851.101,3870.702,975,3709.842,961
93960,18157.040999999997,5400.077,1363,5176.008,1345
93962,381.408,121.022,30,121.022,30
94002,8780.939,8044.57,1358,6643.43,1242
94005,3637.029,1006.399,187,861.2620000000001,175
94010,19406.251,14174.575,1941,9129.996,1576
94014,4976.746,2760.77,661,2642.196,651
94015,6218.599,3981.376,826,3820.511,812
94018,1652.164,1640.692,294,1450.639,279
94019,5953.093,3825.696,656,3169.352,603
94020,484.548,454.98,69,327.442,60
94021,45.328,45.328,6,21.25,4
94022,19291.503,15433.311,1861,8414.853,1386
94024,18661.264,17352.676,2412,11990.346,2004
94025,18200.658,11692.806,1937,9072.851,1742
94027,7342.309,6296.811,569,2139.07,331
94028,7824.486,6136.484,706,3050.621,498
94030,5702.736,4483.254,732,3624.463,676
94035,25.448999999999998,25.448999999999998,12,25.448999999999998,12
94037,1442.13,1436.766,228,1112.508,202
94038,967.12,967.12,167,853.218,157
94039,93.312,0.0,0,0.0,0
94040,10758.699,6970.242,1265,5978.762,1191
94041,2890.994,2297.33,426,1909.181,400
94043,17043.335,3538.754,815,3157.473,786
94044,8544.72,7213.387,1435,6365.085,1364
94060,422.653,320.022,42,159.556,32
94061,9843.34,7810.77,1432,6823.62,1351
94062,15943.803,15011.856,1962,8900.192000000001,1590
94063,6378.525,2301.232,459,2034.852,443
94065,2285.338,1977.41,369,1848.9,358
94066,8726.395,5198.283,1013,4781.48,977
94070,15354.965,12055.271,2034,10122.102,1882
94074,122.849,114.747,9,42.872,6
94080,20192.757,5932.21,1289,5506.848,1251
94085,6679.522,1963.054,476,1756.837,461
94086,10537.66,5702.26,1144,4982.776,1103
94087,19261.383,16313.762,2933,14330.649,2778
94088,23.075,23.075,13,23.075,13
94089,13447.918,1532.911,301,1359.415,288
94101,18.878999999999998,18.878999999999998,6,18.878999999999998,6
94102,919.136,280.098,49,173.917,44
94103,4001.83,927.9159999999999,112,309.772,100
94104,15.722,15.722,14,15.722,14
94105,64.32600000000001,15.483,2,5.152,1
94107,3704.216,1482.42,364,1218.826,359
94108,285.43999999999994,27.963,5,16.79,4
94109,1289.384,610.722,193,504.429,185
94110,5945.062,4860.512,1416,4723.824,1405
94111,540.266,2.603,1,2.603,1
94112,6082.601,5744.695,1517,5545.032,1500
94114,4137.953,4079.448,1047,3672.494,1020
94115,2576.196,2175.304,314,1201.912,277
94116,3919.942,3905.379,944,3799.356,935
94117,2658.259,2436.061,588,2084.729,564
94118,2450.334,2346.771,493,2042.86,478
94121,2547.131,2296.432,521,2151.423,510
94122,3535.154,3475.159,900,3399.995,893
94123,1197.352,1073.635,241,987.235,235
94124,4275.802,2352.084,728,2306.529,725
94125,98.545,0.0,0,0.0,0
94127,3940.353,3822.969,848,3590.533,828
94131,4297.901,4180.357,1030,4071.707,1021
94132,2831.851,1640.423,428,1618.08,426
94133,672.082,370.709,80,271.072,74
94134,3319.662,2544.641,709,2486.566,705
94143,7.486,0.0,0,0.0,0
94158,1016.854,0.0,0,0.0,0
94204,4.206,4.206,1,4.206,1
94207,4.552,4.552,1,4.552,1
94208,92.834,0.0,0,0.0,0
94246,6.658,6.658,1,6.658,1
94303,4567.836,2906.851,623,2624.993,600
94304,21.825,21.825,2,7.473,1
94305,1574.765,1291.332,205,984.466,184
94306,2.973,2.973,1,2.973,1
94401,4423.7119999999995,2849.301,585,2516.149,565
94402,8504.644,5766.0,999,4905.78,929
94403,12466.846,8655.448,1672,7528.215,1587
94404,9257.382,4597.222,881,4146.039,847
94501,1.37,1.37,1,1.37,1
94502,1.351,1.351,1,1.351,1
94503,14232.388,8901.859,1629,7867.708,1543
94505,17660.854,17546.242,2327,12413.069,1915
94506,21905.613,18957.18,2462,12176.81,1968
94507,16764.168,15808.173999999999,1675,7450.755,1104
94508,1384.812,1021.359,130,676.211,107
94509,37982.47,29829.056,4764,24668.494,4356
94510,16186.742,10477.2,1868,9118.967,1754
94511,2266.748,2183.338,422,1942.823,404
94512,25.182,25.182,3,25.182,3
94513,71434.656,64186.896,9987,49311.085,8806
94514,3776.743,2075.089,252,1170.332,197
94515,6522.165,3730.8849999999998,404,1538.875,275
94516,27.992,27.992,4,17.573,3
94517,9999.348,8760.489,1238,6492.682,1062
94518,13864.829,10481.823,1689,8400.159,1534
94519,8044.445,7199.36,1366,6587.053,1316
94520,13446.282,5383.524,992,4874.434,963
94521,21406.434,18398.676,3003,15807.749,2788
94522,10.314,10.314,1,0.0,0
94523,21525.351,14761.9,2464,12407.348,2270
94525,993.944,825.567,155,716.157,146
94526,24099.908,21932.121,2962,14683.727,2423
94528,1246.062,1168.209,102,354.064,51
94530,8334.907,6309.647,1398,5944.626,1367
94531,43317.969,37008.948,6073,29964.699,5495
94533,50446.839,33797.916,6275,28668.993,5920
94534,30395.727,22740.367,3669,17662.771,3272
94535,817.856,8.885,2,8.885,2
94536,18615.853,16922.389,3354,15464.515,3241
94538,33602.876,12128.599,2721,10839.515,2642
94539,29219.957,24027.726,4176,20293.472,3917
94540,5.964,5.964,2,5.964,2
94541,12731.651,8392.068,1717,7526.411,1648
94542,7121.645,6828.816,1189,5657.712,1097
94543,37.538999999999994,5.239,1,5.239,1
94544,22162.534,12790.237,2966,11702.973,2889
94545,18279.685,6747.92,1409,6301.335,1373
94546,14907.559,12503.348,2403,11198.655,2295
94547,12036.911,7965.927,1489,7109.585,1416
94548,890.822,717.062,72,263.048,39
94549,19858.032,18423.077,2438,11264.802,1900
94550,40868.749,31885.372,4976,24981.115,4446
94551,33089.097,17341.519,2999,14798.014,2826
94552,7505.236,7077.847,1197,5926.606,1105
94553,27835.202,19845.642,3450,16766.566,3216
94555,7592.193,7370.378,1601,7027.153,1570
94556,8364.008,7506.263,1105,5463.216,941
94558,52211.801999999996,29909.969,4320,20000.403,3681
94559,12444.64,7290.786,1212,5596.47,1095
94560,24744.448,14380.403,3269,13519.511,3195
94561,38420.642,34749.39,5754,28151.522,5233
94562,1566.344,317.527,19,47.46,8
94563,14367.935,13381.583,1767,8433.74,1390
94564,6157.912,4668.995,961,4251.76,926
94565,41780.991,32498.245,5969,28965.371,5686
94566,32137.736,26342.989,3975,19688.002,3480
94567,522.249,522.249,57,294.823,46
94568,45348.999,30433.565,6272,28029.139,6068
94569,69.278,69.278,14,69.278,14
94571,11795.565,10593.965,2471,10194.201000000001,2438
94572,2254.974,2016.097,403,1867.052,390
94573,2240.787,402.673,24,65.765,11
94574,18922.255,5455.822,595,2379.442,415
94576,281.252,279.05,21,63.887,12
94577,21468.659,6636.5,1341,6115.269,1298
94578,6656.586,3689.29,762,3433.88,746
94579,3942.106,3242.814,651,2999.058,634
94580,7010.15,3788.242,809,3513.814,785
94581,5.106,5.106,1,5.106,1
94582,23937.617,21712.692,3770,19309.052,3567
94583,35482.755,20598.996,3770,17579.013,3523
94585,16534.629,12622.91,2236,10834.223,2111
94586,899.833,710.091,73,285.78,47
94587,27227.546,14043.57,2704,13269.625,2649
94588,27137.514,14419.924,2327,11308.323,2103
94589,14934.82,6026.053,1276,5689.173,1247
94590,7349.722,4731.918,986,4319.578,953
94591,20862.739,16945.792,3239,15264.178,3099
94595,7854.238,5837.575,946,4607.101,853
94596,11341.766,7631.434,1098,5671.827,945
94597,7301.159,6042.539,1026,4959.505,938
94598,19004.25,15796.038,2262,11368.266,1903
94599,3364.338,791.522,103,493.923,89
94601,4406.222,2692.81,657,2530.6,643
94602,8087.716,7207.814,1577,6762.975,1542
94603,4506.675,2353.309,609,2261.943,601
94604,6.345,6.345,1,6.345,1
94605,10260.977,8828.522,1786,7786.827,1704
94606,3159.222,1654.039,369,1483.345,357
94607,6867.394,2165.912,735,1935.251,725
94608,7969.708,3227.989,719,2897.175,704
94609,3897.985,2829.41,681,2705.525,670
94610,6258.909,5002.822,1017,4587.602,987
94611,15050.395,13643.421,2418,11301.331,2234
94612,2000.192,235.461,53,142.295,50
94615,1.594,1.594,1,1.594,1
94618,6923.616,6371.145,1314,5903.453,1275
94619,8298.685,6649.786,1405,6029.064,1356
94621,6926.603,1583.904,373,1452.073,368
94702,4075.375,3602.885,906,3458.125,898
94703,4309.4039999999995,3566.43,874,3459.193,866
94704,2213.149,879.875,157,634.478,147
94705,4754.336,4517.974,908,3911.08,861
94706,4267.928,3364.118,833,3266.458,826
94707,5915.315,5749.385,1262,5380.5,1231
94708,5055.043,4982.221,1006,4499.152,967
94709,1297.431,1006.751,246,922.487,239
94710,3435.267,1222.339,307,1147.411,302
94720,27.521,0.0,0,0.0,0
94801,9495.414999999999,3981.551,1106,3683.675,1093
94803,8648.665,7864.957,1531,6993.15,1460
94804,14027.371,6095.44,1369,5211.801,1333
94805,3271.273,2676.028,658,2548.698,647
94806,12436.181,7022.767,1505,6238.895,1468
94901,14283.538,10934.394,1755,8402.103,1561
94903,14367.483,10306.111,1711,8543.25,1573
94904,7291.298,5241.947,680,3210.643,533
94914,8.866,0.0,0,0.0,0
94920,6833.344,6383.203,885,4128.394,720
94922,267.812,194.877,26,95.387,18
94923,1283.869,1244.35,203,1053.765,187
94924,938.148,632.277,111,496.773,101
94925,4473.376,3206.575,547,2563.261,494
94926,5.075,5.075,1,5.075,1
94928,20646.95,11690.61,2424,10557.854,2347
94929,468.913,399.78700000000003,66,322.899,60
94930,3757.726,2495.199,447,2156.587,421
94931,4386.85,2646.657,456,2032.927,411
94933,222.702,222.702,37,181.198,34
94937,773.343,659.819,116,544.235,108
94938,245.619,245.619,35,196.311,31
94939,4567.951,2915.883,457,2286.228,406
94940,242.31,107.17699999999999,18,95.057,17
94941,12136.089,10603.493,1798,8635.723,1645
94942,3.993,3.993,1,3.993,1
94945,8928.614,7115.38,1230,5710.225,1122
94946,829.803,701.563,79,302.338,52
94947,9973.944,8508.456,1373,6650.236,1232
94949,8415.66,5946.919,967,4578.131,876
94950,52.302,52.302,10,40.81,9
94951,3104.137,2883.548,388,1887.863,311
94952,26532.288,14188.626,2373,10584.87,2122
94954,19523.144,11415.911,2195,9684.666,2082
94956,902.283,656.188,111,487.742,99
94957,1550.782,1268.046,147,611.423,101
94960,7440.489,6353.167,1006,4844.499,890
94963,345.24399999999997,297.586,46,233.949,41
94964,15.036,15.036,3,15.036,3
94965,3173.497,1889.699,343,1525.87,314
94966,3.025,3.025,1,3.025,1
94970,898.029,876.392,156,717.58,143
94971,149.78,76.39099999999999,15,76.39099999999999,15
94972,171.034,108.162,11,47.196,8
94973,596.088,485.126,76,397.837,69
94977,1.72,1.72,1,1.72,1
94979,5.569,5.569,1,5.569,1
95001,12.224,12.224,2,12.224,2
95002,405.084,283.233,62,268.117,61
95003,12063.687,8503.653,1502,6748.362,1366
95004,8605.152,1638.741,267,1287.764,240
95005,1624.332,1604.017,265,1277.543,239
95006,2154.294,2013.1490000000001,303,1454.458,262
95007,42.897,42.897,5,18.227,3
95008,16808.88,13180.005,2249,11279.956,2100
95010,2075.163,1353.338,286,1194.319,275
95012,3045.062,1353.58,312,1143.339,297
95013,36.528,36.528,3,11.664,2
95014,36908.395,17599.769,3092,15101.785,2894
95017,217.317,191.243,34,180.697,33
95018,1747.335,1491.436,244,1017.686,208
95019,827.04,522.162,145,501.577,143
95020,49311.837,32999.425,5518,25825.428,4978
95023,36657.938,27663.333,5218,22812.177,4877
95024,44.397,44.397,9,34.309,8
95030,9288.964,8998.873,1039,4609.642,756
95031,4.435,4.435,1,4.435,1
95032,14774.618,12721.665,1854,9067.79,1585
95033,5438.656,5211.12,635,2916.02,471
95035,29614.912,15511.354,2995,13688.697,2873
95037,44272.139,29441.668,4881,21462.18,4280
95038,12.100999999999999,8.128,1,8.128,1
95039,1652.7160000000001,157.047,23,103.712,19
95041,102.897,60.715,13,60.715,13
95042,4.948,4.948,1,4.948,1
95043,1276.628,191.66,25,129.989,20
95044,56.897999999999996,56.897999999999996,9,33.08,7
95045,3293.87,1835.235,275,1288.233,233
95046,4892.514,4122.942,460,1906.827,306
95050,787.432,0.0,0,0.0,0
95060,20872.639,13696.857,2590,11554.469,2454
95062,11602.568,7749.75,1763,7171.148,1728
95064,102.279,102.279,29,102.279,29
95065,3790.672,3128.564,578,2658.785,543
95066,9646.213,6104.518,1099,4824.738,1000
95070,25911.536,23176.163,3123,15134.386,2529
95073,5037.097,4147.356,663,3002.091,593
95075,406.09499999999997,391.278,52,294.073,45
95076,26704.401,13149.101,2691,10788.779,2523
95101,32.646,32.646,7,32.646,7
95110,6257.2660000000005,1670.106,345,1511.033,333
95111,14343.345,9258.572,1624,8152.865,1537
95112,20238.992,5083.451,949,4376.566,894
95113,1965.819,9.764,2,9.764,2
95116,7297.528,4642.211,851,4056.57,806
95117,5592.894,4906.829,1009,4424.525,968
95118,13775.181,11651.624,2128,10584.616,2039
95119,13414.073,5125.546,1031,4589.738,987
95120,27101.761,25030.681,3760,19270.0,3316
95121,12166.635,10732.268,1841,9425.419,1731
95122,12610.76,8081.868,1530,7265.379,1462
95123,26910.031,21485.555,3770,18623.266,3581
95124,26799.408,22132.816,3877,19618.009,3667
95125,23718.603,19632.823,3255,16322.75,2989
95126,6992.622,4034.079,708,3379.436,661
95127,17682.496,15838.101,2713,13173.585,2497
95128,11196.136,6798.41,1210,5792.289,1127
95129,14080.209,9349.878,1758,8551.844,1695
95130,5375.427,4292.598,789,3936.121,761
95131,14417.904,4313.366,846,3942.773,818
95132,14359.728,11426.902,2099,10176.004,2005
95133,6229.446,4270.821,876,3863.136,844
95134,9655.694,313.90999999999997,26,106.328,23
95135,11258.021,10530.561,1786,9002.617,1660
95136,14403.762,11169.011,1906,9546.686,1778
95138,14907.736,10427.787,1565,7896.812,1368
95139,3186.553,3162.896,522,2648.36,479
95140,261.187,261.187,35,170.99,28
95141,40.112,40.112,4,22.506,3
95148,17909.562,16475.791,2835,14120.129,2642
95152,4.19,4.19,1,4.19,1
95153,1.924,1.924,1,1.924,1
95201,116.489,6.42,1,6.42,1
95202,3957.826,467.311,50,220.251,39
95203,6473.936,3920.977,633,3124.254,571
95204,14141.733,11885.995,1938,9637.289,1762
95205,17935.891,8917.739,1574,7690.999,1475
95206,47453.758,26845.913,4570,22570.855,4230
95207,24073.553,15413.742,2285,11665.16,2001
95209,32402.744,30441.283,4604,23375.932,4029
95210,13600.938,11178.56,1899,9239.673,1773
95212,26494.751,21314.5,3244,14973.776,2807
95215,28861.29,10799.702,1448,6679.868,1172
95219,23173.573,19921.686,3159,15265.847,2788
95220,11262.04,8038.736,818,3624.311,531
95221,18.005,18.005,2,18.005,2
95222,5786.241,4908.944,673,3292.235,557
95223,804.976,757.876,118,587.18,104
95224,213.434,213.434,25,121.79599999999999,18
95225,2212.049,2158.743,253,1175.463,177
95226,102.403,87.721,10,35.505,6
95227,2152.755,1370.33,136,563.121,80
95228,6821.884,6751.383,939,5160.294,818
95229,254.267,200.119,30,155.454,26
95230,2339.495,356.719,33,141.8,21
95231,1953.66,1289.407,143,694.679,103
95232,163.331,158.593,23,133.834,21
95233,134.469,134.469,20,111.392,18
95236,18219.492,4202.593,473,2173.381,338
95237,3858.0389999999998,2324.184,320,1705.474,275
95240,10667.406,6065.457,645,2672.3360000000002,415
95241,90.48,0.0,0,0.0,0
95242,6837.343,2572.212,273,1160.388,179
95245,1054.365,1040.361,141,695.744,115
95246,1271.812,1200.286,157,719.572,121
95247,3641.693,3553.105,475,2297.938,396
95248,407.71,402.469,53,289.635,45
95249,3502.871,2170.224,300,1479.026,246
95250,15.827,15.827,3,15.827,3
95251,595.997,582.951,76,352.429,59
95252,14040.61,13671.466,1780,9137.389,1423
95253,66.144,66.144,7,38.152,6
95254,1813.512,1580.75,189,883.504,137
95255,727.148,723.874,98,445.629,77
95257,163.261,163.261,19,88.88600000000001,15
95258,2710.017,2356.668,331,1623.973,273
95296,6.3,6.3,1,6.3,1
95301,34855.644,21548.515,2734,13442.304,2126
95303,4876.34,120.398,11,46.575,7
95304,20654.268,11837.77,1398,6610.672,1020
95306,1118.764,977.192,114,507.84,82
95307,10.888,10.888,1,0.0,0
95309,141.546,141.546,17,75.145,12
95310,1274.538,1228.497,146,676.051,104
95311,869.719,833.1419999999999,110,511.031,84
95312,179.45499999999998,121.364,15,71.307,11
95313,674.603,63.042,5,16.798000000000002,2
95316,1554.921,6.113,1,6.113,1
95317,11579.609,132.852,12,30.741,5
95318,606.6220000000001,35.922,8,35.922,8
95320,24695.486,10430.613,1260,6184.041,968
95321,3471.773,2967.649,423,2119.358,357
95322,16554.086,5413.004,759,3998.441,671
95325,95.405,95.405,12,44.73,8
95327,9098.771999999999,4031.827,498,2280.999,368
95329,2658.484,2555.721,344,1871.96,289
95330,26104.228,18869.802,3458,16479.804,3289
95333,8921.249,1341.869,158,748.557,115
95334,12710.386,3483.583,497,2385.723,424
95335,40.354,40.354,5,26.177999999999997,4
95336,45552.282,32819.54,5341,26376.471,4832
95337,52802.947,45255.268,8098,37770.602,7483
95338,8089.919,6848.116,869,4217.89,700
95340,42061.019,22855.286,2825,13997.555,2172
95341,16263.14,6736.348,902,4614.608,795
95343,2.588,2.588,1,2.588,1
95345,169.924,169.924,29,134.784,26
95346,577.631,470.026,60,292.385,47
95347,42.723,42.723,6,42.723,6
95348,14441.252,10510.716,1483,7352.5779999999995,1229
95357,111.836,111.836,11,49.339,7
95360,18548.251,8147.696,1197,6167.951,1036
95361,43527.664,28394.236,3225,14846.857,2274
95363,1316.334,405.161,57,274.359,48
95364,94.924,14.084,4,14.084,4
95365,4064.716,1424.005,238,1208.342,220
95366,15075.019,10351.477,1349,6749.886,1075
95367,10135.76,9673.304,1533,7529.075,1367
95369,14630.788,1469.526,53,222.98499999999999,32
95370,20958.469,18716.627,2297,11357.806,1739
95372,1626.273,1540.813,219,1146.819,187
95373,5.813,5.813,1,5.813,1
95374,3379.52,923.233,91,365.298,54
95375,48.006,48.006,6,33.414,5
95376,40424.43,29772.748,5000,24946.768,4612
95377,40475.027,29599.041,4844,24611.332,4428
95378,5759.491,0.0,0,0.0,0
95379,2472.747,2297.361,314,1528.182,254
95383,1523.169,1494.492,198,961.76,156
95385,236.346,137.043,12,30.394,4
95386,517.883,35.88,2,0.0,0
95387,625.326,188.042,14,53.106,7
95388,6159.12,4308.2,564,2604.567,440
95389,60.763,60.763,9,17.557,6
95391,77.178,77.178,9,41.751,7
95401,15546.798,8918.866,1593,7231.858,1470
95402,13.112,13.112,2,13.112,2
95403,28443.462,15368.828,2694,12157.796,2462
95404,25419.634000000002,19543.94,2913,13004.131,2471
95405,9486.499,7560.66,1352,6547.652,1273
95406,389.788,2.788,1,2.788,1
95407,15596.141,7815.651,1499,6562.972,1423
95409,15893.97,12233.568,2161,10146.701,2005
95410,357.262,317.387,59,228.974,52
95412,128.428,71.825,11,61.497,10
95415,1105.914,604.273,75,356.38800000000003,66
95417,28.573,28.573,4,13.231000000000002,3
95418,147.636,11.693,1,0.0,0
95419,13.008,13.008,3,13.008,3
95420,160.49,148.057,24,126.344,22
95421,571.825,358.044,39,178.889,32
95422,7821.768,4950.771,672,3285.774,556
95423,2342.245,1960.862,305,1471.133,263
95424,20.561,20.561,4,20.561,4
95425,7212.267,4880.29,774,3625.52,687
95426,751.972,746.502,111,538.619,96
95427,126.405,115.001,17,69.67,14
95428,1074.658,594.348,91,379.917,78
95429,19.971,19.971,3,19.971,3
95430,346.76,27.62,3,14.731000000000002,2
95432,121.105,121.105,22,109.17,21
95433,3.352,3.352,1,3.352,1
95435,535.811,210.719,29,134.404,23
95436,3303.2780000000002,2031.167,307,1406.365,260
95437,5321.365,4100.017,733,3469.853,687
95439,354.836,271.587,38,205.758,33
95441,4107.816,1114.966,142,671.361,115
95442,3869.114,3376.116,364,1544.583,267
95443,133.046,133.046,19,108.87700000000001,17
95444,656.879,460.665,85,400.347,80
95445,863.837,813.31,137,651.433,126
95446,1524.841,972.2330000000001,165,808.929,153
95448,10893.245,5217.551,581,2253.032,387
95449,3575.2380000000003,401.6,60,323.581,55
95450,310.674,287.158,42,213.094,38
95451,8422.21,7193.441,965,4849.075,779
95452,2153.676,1427.92,176,754.234,130
95453,11335.158,6652.52,861,4169.848,688
95454,356.626,276.386,50,202.664,43
95456,241.634,235.184,39,207.94,37
95457,2004.411,1308.539,180,851.86,146
95458,1343.5720000000001,1308.903,182,890.91,149
95459,195.34799999999998,181.464,32,168.123,31
95460,1094.246,950.209,153,760.405,137
95461,3207.674,1426.203,220,990.347,188
95462,391.242,295.746,52,206.769,44
95463,95.482,95.482,15,56.786,12
95464,1770.454,1060.774,135,705.825,116
95465,1095.391,868.633,121,573.706,101
95466,586.806,391.498,61,256.78,51
95467,4392.469,4285.924,635,3328.537,556
95468,356.279,331.247,70,302.254,68
95469,614.678,556.033,78,356.079,63
95470,2957.745,2173.693,334,1644.73,294
95471,12.366,12.366,3,12.366,3
95472,23411.862,18231.784,2757,12478.87,2346
95473,9.519,9.519,1,9.519,1
95476,23747.469,16839.268,2452,10938.08,2056
95480,10.126999999999999,2.365,1,2.365,1
95481,3.604,3.604,1,3.604,1
95482,9535.212,4859.196,608,2948.195,507
95485,1654.076,962.807,129,547.282,99
95486,16.973,16.973,2,4.724,1
95487,2.198,2.198,1,2.198,1
95488,64.895,46.871,10,35.929,9
95490,3800.855,2104.664,361,1718.29,332
95492,20037.865,12334.569,1935,8982.444,1747
95493,145.335,145.335,19,61.602000000000004,12
95494,187.252,164.676,20,94.636,15
95497,1863.074,1782.917,336,1628.056,323
95501,3746.885,2671.409,473,2153.867,438
95502,4.724,4.724,1,4.724,1
95503,4586.027,4111.142,713,3398.38,662
95511,26.398,26.398,3,12.876999999999999,2
95514,19.918,19.918,3,19.918,3
95518,234.125,217.95,36,154.629,31
95519,4783.401,4208.971,759,3597.559,711
95521,6682.751,3862.569,719,2800.395,681
95524,816.209,734.844,132,630.369,123
95525,552.18,417.534,85,376.873,82
95526,194.197,50.13,6,28.982,5
95527,338.989,125.253,19,77.145,16
95528,187.822,163.126,26,126.66499999999999,23
95536,477.447,378.334,59,272.05,51
95537,7.953,7.953,2,7.953,2
95540,3174.343,2333.717,377,1749.595,335
95542,239.103,232.15699999999998,39,176.869,35
95546,295.67199999999997,165.543,44,143.9,42
95547,365.103,346.662,56,292.145,52
95549,917.944,269.164,35,193.712,29
95550,164.255,164.255,3,14.673,2
95551,482.236,372.418,69,337.598,66
95552,3.346,3.346,1,3.346,1
95553,320.53799999999995,73.091,12,58.864999999999995,11
95554,37.751999999999995,33.619,2,5.783,1
95555,52.458,33.843999999999994,6,33.843999999999994,6
95556,107.861,107.861,31,95.16300000000001,30
95558,93.969,69.854,10,41.985,9
95559,10.153,10.153,2,10.153,2
95560,326.029,175.158,34,139.083,32
95562,384.116,311.021,53,255.136,48
95563,66.474,66.474,13,53.354,12
95564,322.717,322.717,11,7.123,2
95565,87.925,65.913,14,65.913,14
95569,21.076,21.076,4,21.076,4
95570,987.001,902.889,146,734.06,132
95571,22.88,22.88,3,22.88,3
95573,517.724,427.569,58,277.339,45
95585,44.333,13.513,2,13.513,2
95587,17.364,17.364,3,17.364,3
95589,142.337,116.821,13,42.94,8
95595,7.486,7.486,1,7.486,1
95601,279.701,271.139,36,209.47,31
95602,20236.293,17194.649,2058,9823.88,1524
95603,26557.352,21141.744,2947,14924.232,2487
95604,204.174,28.448,2,0.0,0
95605,11120.084,4417.735,775,3525.862,713
95606,802.106,680.1089999999999,24,66.548,13
95607,833.911,210.696,27,109.732,20
95608,5.34,5.34,1,5.34,1
95612,2145.415,609.77,75,335.975,54
95613,362.141,357.796,75,280.46,69
95614,4818.283,4638.152,611,3139.897,503
95615,50.884,39.988,5,25.17,4
95616,37787.504,21225.115999999998,3854,16017.361,3556
95617,3.368,3.368,1,3.368,1
95618,17263.486,13154.104,2184,10759.563,1996
95619,3442.1,2504.402,335,1638.001,275
95620,28505.419,18562.069,3393,15111.277,3137
95621,7.219,7.219,1,7.219,1
95623,4047.092,4025.576,510,2474.833,392
95625,137.258,125.387,19,93.485,16
95626,770.987,750.98,88,352.268,58
95627,3251.154,2103.04,319,1610.318,283
95629,1041.886,854.526,104,516.749,83
95631,2531.2690000000002,2235.47,298,1529.526,244
95632,3595.767,847.297,93,377.649,60
95633,1975.113,1633.531,213,1087.097,172
95634,1355.797,1121.392,152,690.648,121
95635,674.443,671.848,90,465.103,75
95636,254.898,254.898,49,221.373,46
95637,608.439,428.953,44,190.801,27
95640,14894.258,9723.15,1581,7669.824,1420
95641,803.203,568.398,85,412.568,75
95642,9315.559,5322.633,791,3900.021,680
95645,2192.532,686.836,97,446.79,78
95648,82684.332,75049.894,12890,61138.04,11794
95650,21835.344,18990.184,2052,8521.996,1332
95651,605.976,587.742,79,407.944,65
95653,628.769,292.161,41,175.119,31
95654,77.4,0.0,0,0.0,0
95656,433.729,433.729,52,238.018,38
95658,9289.112,8584.684,963,4385.446,671
95659,1094.1779999999999,459.76,50,225.274,33
95660,9.374,9.374,1,9.374,1
95661,592.124,370.371,49,220.542,37
95663,4258.264,3993.273,448,2017.617,303
95664,1637.359,1614.897,191,886.408,136
95665,3370.541,3141.405,411,2059.568,324
95666,2260.81,2189.603,282,1406.24,219
95667,31010.142,26972.072,3467,17184.71,2713
95668,6352.241,691.197,78,347.807,52
95669,4742.747,2921.489,391,1829.097,309
95672,7108.057,7076.781,837,3826.374,591
95674,1743.311,614.779,62,247.996,38
95675,46.772999999999996,46.772999999999996,6,23.081,4
95676,797.125,146.443,19,86.708,16
95677,30362.024,25474.057,3922,19596.082,3459
95678,14.123999999999999,14.123999999999999,3,14.123999999999999,3
95679,86.102,58.351,9,47.799,8
95680,743.3439999999999,40.912,5,28.069,4
95681,1578.256,1321.745,147,586.7860000000001,93
95682,37847.395,33240.958,4053,19349.715,2992
95683,6.596,6.596,1,6.596,1
95684,2139.333,1898.92,262,1340.175,221
95685,4287.736,3479.123,483,2437.934,400
95686,1022.813,322.508,45,216.075,36
95687,51211.972,43843.778,7562,36994.576,7024
95688,48786.867,32201.661,4592,23119.032,3901
95689,873.269,873.269,114,557.3340000000001,89
95690,1634.97,854.128,108,537.327,84
95691,32426.15,22300.818,3824,18539.129,3523
95692,7848.072,4937.817,693,3494.343,597
95694,12812.486,9015.548999999999,1445,6835.682,1293
95695,36307.927,20487.24,3100,15610.437,2729
95696,2.181,2.181,1,2.181,1
95697,430.19399999999996,153.214,21,101.077,18
95698,2420.746,163.024,21,108.504,17
95699,146.704,129.504,20,87.434,16
95701,232.647,200.43200000000002,31,128.722,25
95703,1315.664,1157.956,135,548.263,90
95709,3117.303,2405.589,316,1565.9279999999999,252
95712,10.476,10.476,1,0.0,0
95713,7194.232,5118.637,676,3359.628,535
95714,122.647,122.647,14,54.23,10
95715,4.549,4.549,1,4.549,1
95717,99.749,99.749,14,65.981,11
95720,29.974,29.974,4,29.974,4
95722,4009.743,3862.771,451,2136.374,329
95724,10.935,10.935,2,10.935,2
95726,1760.634,1733.52,257,1281.542,220
95728,29.79,21.199,4,21.199,4
95735,3.911,3.911,1,3.911,1
95736,321.865,316.31,38,182.926,28
95746,32868.821,29239.555,3209,14375.345,2176
95747,4254.942,4242.201,858,3255.688,785
95762,80578.011,66957.922,10448,45802.356,8819
95765,49223.319,41778.04,6901,33453.967,6240
95776,39693.154,19541.143,3907,17202.895,3754
95798,3.606,0.0,0,0.0,0
95814,5.79,5.79,1,5.79,1
95816,168.854,168.854,1,0.0,0
95827,11.464,11.464,1,0.0,0
95837,47.307,47.307,7,35.007,6
95840,5.098,5.098,1,5.098,1
95860,10.314,10.314,1,0.0,0
95901,37921.595,21791.321,3454,16834.324,3063
95903,3.316,3.316,1,3.316,1
95912,18085.939,3803.066,507,2553.166,420
95913,2261.883,330.526,39,206.689,29
95914,852.54,698.184,91,461.483,73
95915,2.03,2.03,1,2.03,1
95916,290.153,290.153,50,242.118,46
95917,3042.838,1313.312,151,699.5889999999999,107
95918,3101.205,2890.043,356,1737.549,265
95919,313.33299999999997,300.226,37,184.529,31
95920,2272.865,275.588,21,91.184,16
95922,97.42,97.42,14,65.612,12
95923,7.934,7.934,2,7.934,2
95925,57.637,57.637,6,25.166,3
95926,32799.755,21896.881,3300,17172.986,2930
95927,128.649,46.293,6,33.728,5
95928,51348.273,25523.916,3652,17836.471,3096
95929,2735.283,14.152000000000001,4,14.152000000000001,4
95930,13.498000000000001,13.498000000000001,2,3.2,1
95932,14328.687,5594.849,758,3940.803,637
95934,128.198,53.156,8,24.003999999999998,6
95935,466.326,337.205,45,262.476,39
95936,34.828,34.828,6,34.828,6
95937,2098.965,895.689,117,534.797,89
95938,7891.915,5151.184,586,2737.956,405
95939,349.51,164.533,20,113.054,16
95941,64.239,58.068,8,35.113,6
95942,965.55,885.115,115,541.015,87
95943,4573.995,1225.6870000000001,109,427.621,62
95945,12533.757,8709.08,1374,6320.716,1194
95946,9351.586,8876.65,1181,5896.295,949
95947,545.439,332.396,43,176.991,34
95948,5341.091,3935.592,466,2246.288,343
95949,15039.866,14082.087,1760,8541.266,1348
95950,856.085,176.953,25,112.203,21
95951,2295.088,1068.728,207,975.445,199
95953,13036.738,8335.492,1268,5974.811,1092
95954,2463.045,2322.947,329,1572.629,273
95955,4195.22,956.173,111,496.82,78
95956,94.21,94.21,18,82.926,17
95957,3882.931,417.932,50,262.241,38
95958,1334.201,73.725,10,60.483000000000004,9
95959,9665.38,8465.81,1233,5609.411,1019
95960,266.568,202.938,33,165.807,30
95961,31955.193,27140.313,4745,22770.284,4398
95962,1795.146,894.34,125,597.6129999999999,101
95963,29665.377,14276.87,1938,9121.837,1569
95965,23012.317,11576.559,1436,6511.261,1159
95966,24800.732,21337.204,2803,14059.77,2250
95967,16.311,16.311,2,5.224,1
95968,608.388,549.527,76,390.248,63
95969,19131.948,15035.575,2229,10422.836,1874
95970,2392.666,433.263,51,244.059,37
95971,1126.236,607.332,123,521.391,116
95972,56.077,47.442,5,22.294,3
95973,45677.937,39270.53,5327,26283.803,4390
95974,4608.1,357.045,45,229.43,35
95975,1286.664,1249.53,167,765.218,130
95976,3.603,3.603,1,3.603,1
95977,1519.272,1500.256,190,965.311,154
95978,25.229,25.229,4,25.229,4
95979,293.531,249.961,31,155.682,24
95981,7.622999999999999,7.622999999999999,2,7.622999999999999,2
95982,6913.005,3684.655,465,2382.484,365
95983,113.124,105.539,23,105.539,23
95984,21.969,21.969,5,21.969,5
95986,9.961,9.961,2,9.961,2
95987,9844.946,3603.46,562,2789.038,499
95988,12528.931,5723.225,802,4129.056,683
95991,39464.901,23847.117,3261,17265.177,2757
95993,39255.742,33991.95,4594,24451.699,3866
96001,6222.376,5864.493,619,2513.037,381
96002,5103.177,4663.171,498,2240.699,323
96003,12249.428,9931.139,1159,5133.862,796
96007,17896.921,14114.189,1854,9155.456,1478
96008,1515.113,1128.28,121,563.888,81
96009,47.364,33.959,6,33.959,6
96011,77.459,8.64,1,8.64,1
96013,1454.75,513.788,73,336.937,64
96016,158.465,125.274,13,59.649,8
96019,64.736,59.138999999999996,5,15.335,2
96020,708.119,405.418,67,306.55,60
96021,17997.275,11366.292,1496,7205.823,1177
96022,16354.106,14541.264,1794,8545.388,1326
96028,1284.828,555.256,79,411.153,67
96029,105.025,105.025,11,55.569,8
96033,63.275,63.275,10,63.275,10
96035,3589.622,1722.528,208,975.401,153
96040,93.371,84.474,11,55.928999999999995,9
96047,453.30899999999997,379.508,47,198.45,32
96051,353.819,353.819,46,213.558,36
96055,4976.2480000000005,2806.192,345,1738.3,267
96056,2808.783,652.243,84,411.15,65
96059,293.49,272.451,36,203.859,32
96062,1959.576,1897.022,181,716.984,101
96063,30.610999999999997,0.0,0,0.0,0
96065,87.577,87.577,10,36.575,7
96067,4.842,4.842,1,4.842,1
96068,90.493,0.0,0,0.0,0
96069,634.776,608.668,63,247.00300000000001,38
96071,10.029,10.029,3,10.029,3
96073,9129.174,7529.568,752,3126.254,438
96074,71.473,71.473,10,35.028,7
96075,131.272,70.642,9,38.075,6
96076,466.46500000000003,31.653,4,13.364,3
96078,93.563,93.563,13,70.744,11
96080,42096.6,22343.455,2885,13922.5,2251
96084,198.235,198.235,21,83.193,13
96087,555.931,503.76,64,249.191,45
96088,1476.98,1341.614,182,867.864,146
96090,325.872,318.755,46,217.687,37
96092,1413.6200000000001,369.954,35,119.156,19
96095,23.653,10.811,1,0.0,0
96096,401.664,359.778,53,257.943,45
96125,10.895,9.165,3,9.165,3
96137,476.985,476.985,71,350.99,64
